Rank;Person A;Person B;Recommendation;Uncertainty Score;Samples A;Samples B;Fail Rate A;Fail Rate B;Fail Reasons A;Fail Reasons B;Intra Variance A;Intra Variance B;Confusion Distance;Outliers A;Outliers B;Issue A;Issue B
1;Roma Smith;Rose Red;Extremt lika embeddings (avstånd 0.127). Kan vara samma person under olika namn, eller blandade bilder i bådas mappar. → Kontrollera bilderna i båda mapparna. Om samma person: merge. Om olika: rensa felplacerade bilder. | Roma Smith har 69% misslyckade bilder – byt ut lågkvalitetsbilder mot bättre.;0.704;6;20;69%;0%;"high_yaw(36); no_faces(8); low_focus(7)";;0.2588;0.2051;0.1268;1;2;"Få träningsbilder (6 st); Medelhög varians – möjligen blandade bilder; Ömsesidig förväxling med Rose Red (avstånd 0.127); Hög andel misslyckade bilder (69%); 1 outlier-embedding(s)";"Medelhög varians – möjligen blandade bilder; Ömsesidig förväxling med Roma Smith (avstånd 0.127); 2 outlier-embedding(s)"
2;Reina Leone;Reina Lee;Namnen är nästan identiska – troligen samma person. → MERGE: Slå ihop 'Reina Leone' och 'Reina Lee' i merge.txt. | Reina Leone har 56% misslyckade bilder – byt ut lågkvalitetsbilder mot bättre.;0.662;5;5;56%;0%;"high_yaw(8); high_pitch(2)";;0.2787;0.1703;0.0839;0;0;"Få träningsbilder (5 st); Medelhög varians – möjligen blandade bilder; Ömsesidig förväxling med Reina Lee (avstånd 0.084); Hög andel misslyckade bilder (56%)";"Få träningsbilder (5 st); Ömsesidig förväxling med Reina Leone (avstånd 0.084)"
3;Jayma Reid;Jayma Reed;Namnen är nästan identiska – troligen samma person. → MERGE: Slå ihop 'Jayma Reid' och 'Jayma Reed' i merge.txt. | Jayma Reid har 76% misslyckade bilder – byt ut lågkvalitetsbilder mot bättre.;0.641;4;9;76%;0%;"high_yaw(12); no_faces(10); low_focus(9)";;0.1641;0.2095;0.0714;0;1;"Få träningsbilder (4 st); Ömsesidig förväxling med Jayma Reed (avstånd 0.071); Hög andel misslyckade bilder (76%)";"Medelhög varians – möjligen blandade bilder; Ömsesidig förväxling med Jayma Reid (avstånd 0.071); 1 outlier-embedding(s)"
4;Cher Adele;Misty Stone;Hög varians i Cher Adele tyder på blandade identiteter. → Granska bilderna i mappen och flytta felplacerade bilder till rätt person. | Cher Adele har 70% misslyckade bilder – byt ut lågkvalitetsbilder mot bättre. | Misty Stone har 68% misslyckade bilder – byt ut lågkvalitetsbilder mot bättre.;0.633;8;16;70%;68%;"high_yaw(12); no_faces(5); low_focus(2)";"high_yaw(16); no_faces(13); high_pitch(3)";0.3797;0.2180;0.2065;0;1;"Hög varians – troligen blandade identiteter i mappen; Ömsesidig förväxling med Misty Stone (avstånd 0.206); Hög andel misslyckade bilder (70%)";"Medelhög varians – möjligen blandade bilder; Ömsesidig förväxling med Cher Adele (avstånd 0.206); Hög andel misslyckade bilder (68%); 1 outlier-embedding(s)"
5;Jade Indica;Charley Chase;Hög varians i Jade Indica tyder på blandade identiteter. → Granska bilderna i mappen och flytta felplacerade bilder till rätt person. | Jade Indica har 90% misslyckade bilder – byt ut lågkvalitetsbilder mot bättre. | Charley Chase har 56% misslyckade bilder – byt ut lågkvalitetsbilder mot bättre.;0.628;5;22;90%;56%;"no_faces(27); high_yaw(12); low_focus(5)";"high_yaw(14); no_faces(8); high_pitch(4)";0.2723;0.2345;0.2387;0;1;"Få träningsbilder (5 st); Medelhög varians – möjligen blandade bilder; Ömsesidig förväxling med Charley Chase (avstånd 0.239); Hög andel misslyckade bilder (90%)";"Medelhög varians – möjligen blandade bilder; Ömsesidig förväxling med Jade Indica (avstånd 0.239); Hög andel misslyckade bilder (56%); 1 outlier-embedding(s)"
6;Charlotte Vale;Charlotte Star;Namnen är nästan identiska – troligen samma person. → MERGE: Slå ihop 'Charlotte Vale' och 'Charlotte Star' i merge.txt. | Charlotte Vale har 65% misslyckade bilder – byt ut lågkvalitetsbilder mot bättre.;0.608;6;5;65%;0%;"high_yaw(13); low_focus(2)";;0.3395;0.2508;0.2561;0;0;"Få träningsbilder (6 st); Hög varians – troligen blandade identiteter i mappen; Ömsesidig förväxling med Charlotte Star (avstånd 0.256); Hög andel misslyckade bilder (65%)";"Få träningsbilder (5 st); Medelhög varians – möjligen blandade bilder; Ömsesidig förväxling med Charlotte Vale (avstånd 0.256)"
7;Svenja Van Den Bogaart;Hot Svenja;Extremt lika embeddings (avstånd 0.022). Kan vara samma person under olika namn, eller blandade bilder i bådas mappar. → Kontrollera bilderna i båda mapparna. Om samma person: merge. Om olika: rensa felplacerade bilder. | Svenja Van Den Bogaart har 72% misslyckade bilder – byt ut lågkvalitetsbilder mot bättre.;0.598;25;11;72%;0%;"no_faces(36); high_yaw(17); low_focus(5)";;0.3451;0.2495;0.0216;4;1;"Hög varians – troligen blandade identiteter i mappen; Ömsesidig förväxling med Hot Svenja (avstånd 0.022); Hög andel misslyckade bilder (72%); 4 outlier-embedding(s)";"Medelhög varians – möjligen blandade bilder; Ömsesidig förväxling med Svenja Van Den Bogaart (avstånd 0.022); 1 outlier-embedding(s)"
8;Airi Miyazaki;Airi Mizusawa;Hög varians i Airi Miyazaki tyder på blandade identiteter. → Granska bilderna i mappen och flytta felplacerade bilder till rätt person. | Airi Miyazaki har 78% misslyckade bilder – byt ut lågkvalitetsbilder mot bättre. | Airi Mizusawa har 55% misslyckade bilder – byt ut lågkvalitetsbilder mot bättre.;0.595;11;14;78%;55%;"high_yaw(22); no_faces(8); low_focus(5)";"no_faces(6); low_focus(5); high_yaw(5)";0.3263;0.1253;0.2051;1;1;"Hög varians – troligen blandade identiteter i mappen; Ömsesidig förväxling med Airi Mizusawa (avstånd 0.205); Hög andel misslyckade bilder (78%); 1 outlier-embedding(s)";"Ömsesidig förväxling med Airi Miyazaki (avstånd 0.205); Hög andel misslyckade bilder (55%); 1 outlier-embedding(s)"
9;Penelope;Penelope Reed;Namnen är nästan identiska – troligen samma person. → MERGE: Slå ihop 'Penelope' och 'Penelope Reed' i merge.txt. | Penelope har 68% misslyckade bilder – byt ut lågkvalitetsbilder mot bättre.;0.593;25;16;68%;0%;"high_yaw(38); no_faces(20); low_focus(8)";;0.4231;0.2423;0.0456;1;1;"Hög varians – troligen blandade identiteter i mappen; Ömsesidig förväxling med Penelope Reed (avstånd 0.046); Hög andel misslyckade bilder (68%); 1 outlier-embedding(s)";"Medelhög varians – möjligen blandade bilder; Ömsesidig förväxling med Penelope (avstånd 0.046); 1 outlier-embedding(s)"
10;Casey Chase;Kasey Chase;Namnen är nästan identiska – troligen samma person. → MERGE: Slå ihop 'Casey Chase' och 'Kasey Chase' i merge.txt. | Casey Chase har 57% misslyckade bilder – byt ut lågkvalitetsbilder mot bättre.;0.588;6;32;57%;0%;"high_yaw(32); low_focus(12); no_faces(6)";;0.1604;0.2476;0.0756;0;2;"Få träningsbilder (6 st); Ömsesidig förväxling med Kasey Chase (avstånd 0.076); Hög andel misslyckade bilder (57%)";"Medelhög varians – möjligen blandade bilder; Ömsesidig förväxling med Casey Chase (avstånd 0.076); 2 outlier-embedding(s)"
11;Amber Swallows;Britney Amber;Personerna har liknande ansiktsdrag (avstånd 0.175). → Kontrollera att bilderna ligger i rätt mappar. Överväg att lägga till fler distinkta bilder. | Amber Swallows har 77% misslyckade bilder – byt ut lågkvalitetsbilder mot bättre. | Britney Amber har 66% misslyckade bilder – byt ut lågkvalitetsbilder mot bättre. | Amber Swallows har bara 3 bilder – samla fler träningsbilder.;0.586;3;17;77%;66%;"high_yaw(6); low_focus(2); no_faces(2)";"high_yaw(24); no_faces(5); high_pitch(2)";0.0642;0.1890;0.1746;0;1;"Mycket få träningsbilder (3 st); Ömsesidig förväxling med Britney Amber (avstånd 0.175); Hög andel misslyckade bilder (77%)";"Ömsesidig förväxling med Amber Swallows (avstånd 0.175); Hög andel misslyckade bilder (66%); 1 outlier-embedding(s)"
12;Brett Barletta;Gina Marie;Hög varians i Brett Barletta tyder på blandade identiteter. → Granska bilderna i mappen och flytta felplacerade bilder till rätt person. | Gina Marie har 66% misslyckade bilder – byt ut lågkvalitetsbilder mot bättre.;0.575;7;17;46%;66%;"high_yaw(5); no_faces(1)";"high_yaw(20); low_focus(10); no_faces(3)";0.5047;0.1857;0.3761;0;0;"Få träningsbilder (7 st); Hög varians – troligen blandade identiteter i mappen; Ömsesidig förväxling med Gina Marie (avstånd 0.376)";"Ömsesidig förväxling med Brett Barletta (avstånd 0.376); Hög andel misslyckade bilder (66%)"
13;Soma Snakeoil;Anikka Albrite;Personerna har liknande ansiktsdrag (avstånd 0.283). → Kontrollera att bilderna ligger i rätt mappar. Överväg att lägga till fler distinkta bilder. | Soma Snakeoil har 75% misslyckade bilder – byt ut lågkvalitetsbilder mot bättre. | Anikka Albrite har 86% misslyckade bilder – byt ut lågkvalitetsbilder mot bättre. | Soma Snakeoil har bara 3 bilder – samla fler träningsbilder.;0.575;3;7;75%;86%;"high_yaw(5); no_faces(4)";"high_yaw(20); no_faces(9); high_pitch(7)";0.1881;0.2259;0.2833;0;0;"Mycket få träningsbilder (3 st); Ömsesidig förväxling med Anikka Albrite (avstånd 0.283); Hög andel misslyckade bilder (75%)";"Få träningsbilder (7 st); Medelhög varians – möjligen blandade bilder; Ömsesidig förväxling med Soma Snakeoil (avstånd 0.283); Hög andel misslyckade bilder (86%)"
14;Sybil A Kailena;Sybil A;Extremt lika embeddings (avstånd 0.143). Kan vara samma person under olika namn, eller blandade bilder i bådas mappar. → Kontrollera bilderna i båda mapparna. Om samma person: merge. Om olika: rensa felplacerade bilder. | Sybil A Kailena har 52% misslyckade bilder – byt ut lågkvalitetsbilder mot bättre.;0.564;5;27;52%;0%;"high_yaw(20); no_faces(8); high_pitch(5)";;0.0968;0.1926;0.1432;0;1;"Få träningsbilder (5 st); Ömsesidig förväxling med Sybil A (avstånd 0.143); Hög andel misslyckade bilder (52%)";"Ömsesidig förväxling med Sybil A Kailena (avstånd 0.143); 1 outlier-embedding(s)"
15;Jenna Jordan;Jenna Jane;Namnen är nästan identiska – troligen samma person. → MERGE: Slå ihop 'Jenna Jordan' och 'Jenna Jane' i merge.txt. | Jenna Jordan har 54% misslyckade bilder – byt ut lågkvalitetsbilder mot bättre.;0.559;9;17;54%;0%;"high_yaw(15); no_faces(6); low_focus(3)";;0.5016;0.3561;0.3617;0;1;"Hög varians – troligen blandade identiteter i mappen; Ömsesidig förväxling med Jenna Jane (avstånd 0.362); Hög andel misslyckade bilder (54%)";"Hög varians – troligen blandade identiteter i mappen; Ömsesidig förväxling med Jenna Jordan (avstånd 0.362); 1 outlier-embedding(s)"
16;Calliste Garnet;Calliste;Personerna har liknande ansiktsdrag (avstånd 0.329). → Kontrollera att bilderna ligger i rätt mappar. Överväg att lägga till fler distinkta bilder. | Calliste Garnet har 77% misslyckade bilder – byt ut lågkvalitetsbilder mot bättre. | Calliste Garnet har bara 3 bilder – samla fler träningsbilder.;0.559;3;5;77%;0%;"high_yaw(6); no_faces(4)";;0.2116;0.1921;0.3288;0;0;"Mycket få träningsbilder (3 st); Medelhög varians – möjligen blandade bilder; Ömsesidig förväxling med Calliste (avstånd 0.329); Hög andel misslyckade bilder (77%)";"Få träningsbilder (5 st); Ömsesidig förväxling med Calliste Garnet (avstånd 0.329)"
17;Summer Breeze;Cindy P;Personerna har liknande ansiktsdrag (avstånd 0.224). → Kontrollera att bilderna ligger i rätt mappar. Överväg att lägga till fler distinkta bilder. | Summer Breeze har 70% misslyckade bilder – byt ut lågkvalitetsbilder mot bättre.;0.557;6;15;70%;32%;"high_yaw(5); no_faces(5); low_focus(2)";"high_yaw(3); low_focus(2); no_faces(1)";0.1846;0.1417;0.2240;0;0;"Få träningsbilder (6 st); Ömsesidig förväxling med Cindy P (avstånd 0.224); Hög andel misslyckade bilder (70%)";Ömsesidig förväxling med Summer Breeze (avstånd 0.224)
18;Scarlett Envy;Alexa Cruz;Hög varians i Scarlett Envy tyder på blandade identiteter. → Granska bilderna i mappen och flytta felplacerade bilder till rätt person. | Scarlett Envy har 75% misslyckade bilder – byt ut lågkvalitetsbilder mot bättre. | Alexa Cruz har 72% misslyckade bilder – byt ut lågkvalitetsbilder mot bättre.;0.554;9;14;75%;72%;"high_yaw(16); no_faces(7); low_focus(3)";"high_yaw(18); no_faces(8); low_focus(8)";0.3593;0.1900;0.2927;0;1;"Hög varians – troligen blandade identiteter i mappen; Ömsesidig förväxling med Alexa Cruz (avstånd 0.293); Hög andel misslyckade bilder (75%)";"Ömsesidig förväxling med Scarlett Envy (avstånd 0.293); Hög andel misslyckade bilder (72%); 1 outlier-embedding(s)"
19;Tina Toy;Hana Skrabalova;Hög varians i Tina Toy tyder på blandade identiteter. → Granska bilderna i mappen och flytta felplacerade bilder till rätt person. | Tina Toy har 80% misslyckade bilder – byt ut lågkvalitetsbilder mot bättre.;0.548;10;13;80%;46%;"no_faces(17); high_yaw(14); low_focus(6)";"high_yaw(5); high_pitch(3); low_focus(3)";0.5088;0.1732;0.4442;1;0;"Hög varians – troligen blandade identiteter i mappen; Ömsesidig förväxling med Hana Skrabalova (avstånd 0.444); Hög andel misslyckade bilder (80%); 1 outlier-embedding(s)";Ömsesidig förväxling med Tina Toy (avstånd 0.444)
20;Zafira May;;Bara 3 träningsbild(er). → Samla fler bilder för att förbättra igenkänningen. | Hög varians tyder på att mappen innehåller bilder av flera personer. → Granska och rensa mappen. | 90% av bilderna misslyckades. → Byt ut dåliga bilder mot tydligare ansiktsfoton.;0.546;3;;90%;;"high_yaw(17); no_faces(10); high_pitch(1)";;0.3287;;0.4164;0;;"Mycket få träningsbilder (3 st); Hög varians – troligen blandade identiteter i mappen; Hög andel misslyckade bilder (90%)";
21;Lea Lexis;Busty Lea;Hög varians i Lea Lexis tyder på blandade identiteter. → Granska bilderna i mappen och flytta felplacerade bilder till rätt person. | Lea Lexis har 78% misslyckade bilder – byt ut lågkvalitetsbilder mot bättre. | Busty Lea har 64% misslyckade bilder – byt ut lågkvalitetsbilder mot bättre.;0.546;9;8;78%;64%;"high_yaw(11); high_pitch(10); low_focus(5)";"high_yaw(11); high_pitch(2); multiple_faces(1)";0.3319;0.1449;0.2887;0;0;"Hög varians – troligen blandade identiteter i mappen; Ömsesidig förväxling med Busty Lea (avstånd 0.289); Hög andel misslyckade bilder (78%)";"Ömsesidig förväxling med Lea Lexis (avstånd 0.289); Hög andel misslyckade bilder (64%)"
22;Silke Mausz;Simone Delilah;Hög varians i Silke Mausz och Simone Delilah tyder på blandade identiteter. → Granska bilderna i dessa mappar och flytta felplacerade bilder till rätt person. | Silke Mausz har 94% misslyckade bilder – byt ut lågkvalitetsbilder mot bättre. | Simone Delilah har 66% misslyckade bilder – byt ut lågkvalitetsbilder mot bättre. | Silke Mausz har bara 3 bilder – samla fler träningsbilder.;0.543;3;17;94%;66%;"no_faces(19); low_focus(14); high_yaw(13)";"high_yaw(13); no_faces(13); low_focus(4)";0.4133;0.2992;0.5345;0;0;"Mycket få träningsbilder (3 st); Hög varians – troligen blandade identiteter i mappen; Ömsesidig förväxling med Simone Delilah (avstånd 0.535); Hög andel misslyckade bilder (94%)";"Medelhög varians – möjligen blandade bilder; Ömsesidig förväxling med Silke Mausz (avstånd 0.535); Hög andel misslyckade bilder (66%)"
23;Violet Divine;Tristan Summers;Hög varians i Violet Divine tyder på blandade identiteter. → Granska bilderna i mappen och flytta felplacerade bilder till rätt person. | Violet Divine har 78% misslyckade bilder – byt ut lågkvalitetsbilder mot bättre. | Tristan Summers har 56% misslyckade bilder – byt ut lågkvalitetsbilder mot bättre.;0.533;4;22;78%;56%;"no_faces(9); high_yaw(3); low_focus(2)";"high_yaw(12); no_faces(9); high_pitch(7)";0.4626;0.1817;0.5383;0;1;"Få träningsbilder (4 st); Hög varians – troligen blandade identiteter i mappen; Ömsesidig förväxling med Tristan Summers (avstånd 0.538); Hög andel misslyckade bilder (78%)";"Ömsesidig förväxling med Violet Divine (avstånd 0.538); Hög andel misslyckade bilder (56%); 1 outlier-embedding(s)"
24;Jayden Starr;Destiny Dream;Hög varians i Jayden Starr tyder på blandade identiteter. → Granska bilderna i mappen och flytta felplacerade bilder till rätt person. | Jayden Starr har 78% misslyckade bilder – byt ut lågkvalitetsbilder mot bättre.;0.531;11;6;78%;50%;"high_yaw(20); no_faces(16); low_focus(2)";"high_yaw(5); no_faces(1)";0.4288;0.1864;0.3821;1;1;"Hög varians – troligen blandade identiteter i mappen; Ömsesidig förväxling med Destiny Dream (avstånd 0.382); Hög andel misslyckade bilder (78%); 1 outlier-embedding(s)";"Få träningsbilder (6 st); Ömsesidig förväxling med Jayden Starr (avstånd 0.382); 1 outlier-embedding(s)"
25;Angel Kelly;Carmen Joy;Hög varians i Angel Kelly tyder på blandade identiteter. → Granska bilderna i mappen och flytta felplacerade bilder till rätt person. | Angel Kelly har 54% misslyckade bilder – byt ut lågkvalitetsbilder mot bättre. | Carmen Joy har 58% misslyckade bilder – byt ut lågkvalitetsbilder mot bättre.;0.529;11;25;54%;58%;"high_yaw(11); no_faces(2)";"high_yaw(28); high_pitch(6)";0.3264;0.1971;0.2228;0;1;"Hög varians – troligen blandade identiteter i mappen; Ömsesidig förväxling med Carmen Joy (avstånd 0.223); Hög andel misslyckade bilder (54%)";"Ömsesidig förväxling med Angel Kelly (avstånd 0.223); Hög andel misslyckade bilder (58%); 1 outlier-embedding(s)"
26;Fay Suicide;Gloom;Hög varians i Fay Suicide och Gloom tyder på blandade identiteter. → Granska bilderna i dessa mappar och flytta felplacerade bilder till rätt person. | Fay Suicide har 70% misslyckade bilder – byt ut lågkvalitetsbilder mot bättre.;0.526;12;4;70%;0%;"multiple_faces(15); high_yaw(10); low_focus(2)";;0.4825;0.3493;0.3473;0;0;"Hög varians – troligen blandade identiteter i mappen; Ömsesidig förväxling med Gloom (avstånd 0.347); Hög andel misslyckade bilder (70%)";"Få träningsbilder (4 st); Hög varians – troligen blandade identiteter i mappen; Ömsesidig förväxling med Fay Suicide (avstånd 0.347)"
27;Brooke Shields;Britt Shields;Extremt lika embeddings (avstånd 0.053). Kan vara samma person under olika namn, eller blandade bilder i bådas mappar. → Kontrollera bilderna i båda mapparna. Om samma person: merge. Om olika: rensa felplacerade bilder. | Brooke Shields har 58% misslyckade bilder – byt ut lågkvalitetsbilder mot bättre.;0.523;12;20;58%;0%;"high_yaw(13); no_faces(12); high_pitch(6)";;0.1745;0.2559;0.0532;1;1;"Ömsesidig förväxling med Britt Shields (avstånd 0.053); Hög andel misslyckade bilder (58%); 1 outlier-embedding(s)";"Medelhög varians – möjligen blandade bilder; Ömsesidig förväxling med Brooke Shields (avstånd 0.053); 1 outlier-embedding(s)"
28;Stephanie Adams;Stephanie Saint;Extremt lika embeddings (avstånd 0.128). Kan vara samma person under olika namn, eller blandade bilder i bådas mappar. → Kontrollera bilderna i båda mapparna. Om samma person: merge. Om olika: rensa felplacerade bilder. | Stephanie Adams har 60% misslyckade bilder – byt ut lågkvalitetsbilder mot bättre.;0.519;18;22;60%;0%;"high_yaw(29); no_faces(18); low_focus(7)";;0.2431;0.1744;0.1284;2;1;"Medelhög varians – möjligen blandade bilder; Ömsesidig förväxling med Stephanie Saint (avstånd 0.128); Hög andel misslyckade bilder (60%); 2 outlier-embedding(s)";"Ömsesidig förväxling med Stephanie Adams (avstånd 0.128); 1 outlier-embedding(s)"
29;Jayden Rose;Chanel Bryant;Hög varians i Jayden Rose tyder på blandade identiteter. → Granska bilderna i mappen och flytta felplacerade bilder till rätt person. | Jayden Rose har 64% misslyckade bilder – byt ut lågkvalitetsbilder mot bättre. | Chanel Bryant har 60% misslyckade bilder – byt ut lågkvalitetsbilder mot bättre.;0.511;18;20;64%;60%;"high_yaw(21); no_faces(7); low_focus(3)";"high_yaw(14); no_faces(9); high_pitch(5)";0.4171;0.1766;0.2331;0;1;"Hög varians – troligen blandade identiteter i mappen; Ömsesidig förväxling med Chanel Bryant (avstånd 0.233); Hög andel misslyckade bilder (64%)";"Ömsesidig förväxling med Jayden Rose (avstånd 0.233); Hög andel misslyckade bilder (60%); 1 outlier-embedding(s)"
30;Aleksandra Smelova;Alexandra Smelova;Namnen är nästan identiska – troligen samma person. → MERGE: Slå ihop 'Aleksandra Smelova' och 'Alexandra Smelova' i merge.txt. | Aleksandra Smelova har 64% misslyckade bilder – byt ut lågkvalitetsbilder mot bättre.;0.511;34;48;64%;0%;"high_yaw(73); no_faces(22); low_focus(8)";;0.2549;0.2441;0.0038;2;3;"Medelhög varians – möjligen blandade bilder; Ömsesidig förväxling med Alexandra Smelova (avstånd 0.004); Hög andel misslyckade bilder (64%); 2 outlier-embedding(s)";"Medelhög varians – möjligen blandade bilder; Ömsesidig förväxling med Aleksandra Smelova (avstånd 0.004); 3 outlier-embedding(s)"
31;Binky Bangs;Angela dAngelo;Hög varians i Angela dAngelo tyder på blandade identiteter. → Granska bilderna i mappen och flytta felplacerade bilder till rätt person. | Binky Bangs har 88% misslyckade bilder – byt ut lågkvalitetsbilder mot bättre. | Angela dAngelo har 58% misslyckade bilder – byt ut lågkvalitetsbilder mot bättre.;0.510;6;8;88%;58%;"no_faces(20); high_yaw(13); low_focus(9)";"high_yaw(6); low_focus(3); high_pitch(2)";0.2249;0.3035;0.3544;0;0;"Få träningsbilder (6 st); Medelhög varians – möjligen blandade bilder; Ömsesidig förväxling med Angela dAngelo (avstånd 0.354); Hög andel misslyckade bilder (88%)";"Hög varians – troligen blandade identiteter i mappen; Ömsesidig förväxling med Binky Bangs (avstånd 0.354); Hög andel misslyckade bilder (58%)"
32;Samantha Johnson;Giny Loud;Hög varians i Samantha Johnson tyder på blandade identiteter. → Granska bilderna i mappen och flytta felplacerade bilder till rätt person. | Samantha Johnson har 73% misslyckade bilder – byt ut lågkvalitetsbilder mot bättre. | Giny Loud har bara 3 bilder – samla fler träningsbilder.;0.505;4;3;73%;50%;"high_yaw(8); high_pitch(3)";"high_yaw(2); no_faces(1)";0.3089;0.1036;0.4556;0;0;"Få träningsbilder (4 st); Hög varians – troligen blandade identiteter i mappen; Ömsesidig förväxling med Giny Loud (avstånd 0.456); Hög andel misslyckade bilder (73%)";"Mycket få träningsbilder (3 st); Ömsesidig förväxling med Samantha Johnson (avstånd 0.456)"
33;Ginger Nadin;Aina Barnes;Hög varians i Ginger Nadin och Aina Barnes tyder på blandade identiteter. → Granska bilderna i dessa mappar och flytta felplacerade bilder till rätt person. | Ginger Nadin har 71% misslyckade bilder – byt ut lågkvalitetsbilder mot bättre. | Aina Barnes har 75% misslyckade bilder – byt ut lågkvalitetsbilder mot bättre. | Ginger Nadin har bara 2 bilder – samla fler träningsbilder. | Aina Barnes har bara 3 bilder – samla fler träningsbilder.;0.502;2;3;71%;75%;"high_yaw(3); high_pitch(2)";"high_yaw(4); low_focus(3); high_pitch(1)";0.2719;0.2977;0.4800;0;0;"Mycket få träningsbilder (2 st); Medelhög varians – möjligen blandade bilder; Ömsesidig förväxling med Aina Barnes (avstånd 0.480); Hög andel misslyckade bilder (71%)";"Mycket få träningsbilder (3 st); Medelhög varians – möjligen blandade bilder; Ömsesidig förväxling med Ginger Nadin (avstånd 0.480); Hög andel misslyckade bilder (75%)"
34;Nina Devon;Aries Crush;Personerna har liknande ansiktsdrag (avstånd 0.450). → Kontrollera att bilderna ligger i rätt mappar. Överväg att lägga till fler distinkta bilder. | Nina Devon har 84% misslyckade bilder – byt ut lågkvalitetsbilder mot bättre. | Aries Crush har 78% misslyckade bilder – byt ut lågkvalitetsbilder mot bättre. | Nina Devon har bara 3 bilder – samla fler träningsbilder.;0.499;3;11;84%;78%;"no_faces(10); low_focus(3); high_yaw(3)";"no_faces(28); high_yaw(11)";0.2351;0.2403;0.4504;0;1;"Mycket få träningsbilder (3 st); Medelhög varians – möjligen blandade bilder; Ömsesidig förväxling med Aries Crush (avstånd 0.450); Hög andel misslyckade bilder (84%)";"Medelhög varians – möjligen blandade bilder; Ömsesidig förväxling med Nina Devon (avstånd 0.450); Hög andel misslyckade bilder (78%); 1 outlier-embedding(s)"
35;Ardelia Alina;Ardelia A;Namnen är nästan identiska – troligen samma person. → MERGE: Slå ihop 'Ardelia Alina' och 'Ardelia A' i merge.txt. | Ardelia Alina har 61% misslyckade bilder – byt ut lågkvalitetsbilder mot bättre.;0.498;24;24;61%;0%;"no_faces(13); high_yaw(12); high_pitch(7)";;0.2178;0.2082;0.0057;2;1;"Medelhög varians – möjligen blandade bilder; Ömsesidig förväxling med Ardelia A (avstånd 0.006); Hög andel misslyckade bilder (61%); 2 outlier-embedding(s)";"Medelhög varians – möjligen blandade bilder; Ömsesidig förväxling med Ardelia Alina (avstånd 0.006); 1 outlier-embedding(s)"
36;Alissa Foxy;Victoria Garin;Extremt lika embeddings (avstånd 0.054). Kan vara samma person under olika namn, eller blandade bilder i bådas mappar. → Kontrollera bilderna i båda mapparna. Om samma person: merge. Om olika: rensa felplacerade bilder. | Alissa Foxy har 58% misslyckade bilder – byt ut lågkvalitetsbilder mot bättre.;0.497;16;97;58%;0%;"high_yaw(17); no_faces(4); low_focus(1)";;0.1944;0.2461;0.0537;2;3;"Ömsesidig förväxling med Victoria Garin (avstånd 0.054); Hög andel misslyckade bilder (58%); 2 outlier-embedding(s)";"Medelhög varians – möjligen blandade bilder; Ömsesidig förväxling med Alissa Foxy (avstånd 0.054); 3 outlier-embedding(s)"
37;Samantha Foxxx;Holly Taylor;Hög varians i Samantha Foxxx tyder på blandade identiteter. → Granska bilderna i mappen och flytta felplacerade bilder till rätt person. | Samantha Foxxx har 83% misslyckade bilder – byt ut lågkvalitetsbilder mot bättre.;0.496;6;25;83%;50%;"high_yaw(16); no_faces(10); low_focus(4)";"high_yaw(10); no_faces(8); low_focus(4)";0.4108;0.1654;0.5123;0;1;"Få träningsbilder (6 st); Hög varians – troligen blandade identiteter i mappen; Ömsesidig förväxling med Holly Taylor (avstånd 0.512); Hög andel misslyckade bilder (83%)";"Ömsesidig förväxling med Samantha Foxxx (avstånd 0.512); 1 outlier-embedding(s)"
38;Veronica Ngo;Veronica N;Namnen är nästan identiska – troligen samma person. → MERGE: Slå ihop 'Veronica Ngo' och 'Veronica N' i merge.txt. | Veronica Ngo har 57% misslyckade bilder – byt ut lågkvalitetsbilder mot bättre.;0.495;26;24;57%;0%;"no_faces(18); high_yaw(7); high_pitch(6)";;0.2244;0.1628;0.0080;2;1;"Medelhög varians – möjligen blandade bilder; Ömsesidig förväxling med Veronica N (avstånd 0.008); Hög andel misslyckade bilder (57%); 2 outlier-embedding(s)";"Ömsesidig förväxling med Veronica Ngo (avstånd 0.008); 1 outlier-embedding(s)"
39;Sugar Amy;Shawnie Jones;Personerna har liknande ansiktsdrag (avstånd 0.204). → Kontrollera att bilderna ligger i rätt mappar. Överväg att lägga till fler distinkta bilder. | Sugar Amy har 60% misslyckade bilder – byt ut lågkvalitetsbilder mot bättre. | Shawnie Jones har 53% misslyckade bilder – byt ut lågkvalitetsbilder mot bättre.;0.489;8;21;60%;53%;"high_pitch(4); high_yaw(3); low_focus(3)";"high_yaw(12); high_pitch(6); no_faces(6)";0.1090;0.1934;0.2040;0;1;"Ömsesidig förväxling med Shawnie Jones (avstånd 0.204); Hög andel misslyckade bilder (60%)";"Ömsesidig förväxling med Sugar Amy (avstånd 0.204); Hög andel misslyckade bilder (53%); 1 outlier-embedding(s)"
40;Alice Sadique;;Hög varians tyder på att mappen innehåller bilder av flera personer. → Granska och rensa mappen. | 92% av bilderna misslyckades. → Byt ut dåliga bilder mot tydligare ansiktsfoton.;0.487;4;;92%;;"no_faces(37); high_yaw(4); low_focus(4)";;0.4224;;0.7575;0;;"Få träningsbilder (4 st); Hög varians – troligen blandade identiteter i mappen; Hög andel misslyckade bilder (92%)";
41;Gia DiMarco;Audrey Rose;Hög varians i Gia DiMarco och Audrey Rose tyder på blandade identiteter. → Granska bilderna i dessa mappar och flytta felplacerade bilder till rätt person. | Gia DiMarco har 76% misslyckade bilder – byt ut lågkvalitetsbilder mot bättre. | Audrey Rose har 64% misslyckade bilder – byt ut lågkvalitetsbilder mot bättre.;0.485;12;18;76%;64%;"high_yaw(23); no_faces(11); low_focus(2)";"high_yaw(19); no_faces(7); high_pitch(3)";0.3889;0.3032;0.3473;0;1;"Hög varians – troligen blandade identiteter i mappen; Ömsesidig förväxling med Audrey Rose (avstånd 0.347); Hög andel misslyckade bilder (76%)";"Hög varians – troligen blandade identiteter i mappen; Ömsesidig förväxling med Gia DiMarco (avstånd 0.347); Hög andel misslyckade bilder (64%); 1 outlier-embedding(s)"
42;Kyoka Mizusawa;Yuki Mami;Hög varians i Kyoka Mizusawa och Yuki Mami tyder på blandade identiteter. → Granska bilderna i dessa mappar och flytta felplacerade bilder till rätt person. | Kyoka Mizusawa har 88% misslyckade bilder – byt ut lågkvalitetsbilder mot bättre. | Yuki Mami har 60% misslyckade bilder – byt ut lågkvalitetsbilder mot bättre.;0.485;6;4;88%;60%;"high_yaw(28); low_focus(12); no_faces(4)";"high_yaw(4); high_pitch(2)";0.4179;0.2506;0.5423;0;0;"Få träningsbilder (6 st); Hög varians – troligen blandade identiteter i mappen; Ömsesidig förväxling med Yuki Mami (avstånd 0.542); Hög andel misslyckade bilder (88%)";"Få träningsbilder (4 st); Medelhög varians – möjligen blandade bilder; Ömsesidig förväxling med Kyoka Mizusawa (avstånd 0.542); Hög andel misslyckade bilder (60%)"
43;Ai Okada;;Hög varians tyder på att mappen innehåller bilder av flera personer. → Granska och rensa mappen. | 88% av bilderna misslyckades. → Byt ut dåliga bilder mot tydligare ansiktsfoton.;0.478;6;;88%;;"high_yaw(23); low_focus(14); no_faces(7)";;0.3097;;0.5403;1;;"Få träningsbilder (6 st); Hög varians – troligen blandade identiteter i mappen; Hög andel misslyckade bilder (88%); 1 outlier-embedding(s)";
44;Brooke Banks;Quinn Waters;Hög varians i Brooke Banks tyder på blandade identiteter. → Granska bilderna i mappen och flytta felplacerade bilder till rätt person. | Brooke Banks har 56% misslyckade bilder – byt ut lågkvalitetsbilder mot bättre. | Quinn Waters har 58% misslyckade bilder – byt ut lågkvalitetsbilder mot bättre.;0.478;22;21;56%;58%;"high_yaw(10); no_faces(2); low_focus(2)";"high_yaw(12); no_faces(11); high_pitch(5)";0.3151;0.1604;0.2635;3;1;"Hög varians – troligen blandade identiteter i mappen; Ömsesidig förväxling med Quinn Waters (avstånd 0.264); Hög andel misslyckade bilder (56%); 3 outlier-embedding(s)";"Ömsesidig förväxling med Brooke Banks (avstånd 0.264); Hög andel misslyckade bilder (58%); 1 outlier-embedding(s)"
45;Aurelly Rebel;Crystal Rush;Personerna har liknande ansiktsdrag (avstånd 0.220). → Kontrollera att bilderna ligger i rätt mappar. Överväg att lägga till fler distinkta bilder. | Aurelly Rebel har 76% misslyckade bilder – byt ut lågkvalitetsbilder mot bättre. | Crystal Rush har 68% misslyckade bilder – byt ut lågkvalitetsbilder mot bättre.;0.477;12;16;76%;68%;"high_yaw(23); no_faces(9); low_focus(3)";"high_yaw(24); low_focus(6); no_faces(3)";0.2077;0.2078;0.2200;0;1;"Medelhög varians – möjligen blandade bilder; Ömsesidig förväxling med Crystal Rush (avstånd 0.220); Hög andel misslyckade bilder (76%)";"Medelhög varians – möjligen blandade bilder; Ömsesidig förväxling med Aurelly Rebel (avstånd 0.220); Hög andel misslyckade bilder (68%); 1 outlier-embedding(s)"
46;Ana Spencer;Aria Spencer;Namnen är nästan identiska – troligen samma person. → MERGE: Slå ihop 'Ana Spencer' och 'Aria Spencer' i merge.txt. | Ana Spencer har 73% misslyckade bilder – byt ut lågkvalitetsbilder mot bättre.;0.471;30;25;73%;0%;"no_faces(49); high_yaw(30); high_pitch(16)";;0.1516;0.1778;0.0365;2;1;"Ömsesidig förväxling med Aria Spencer (avstånd 0.037); Hög andel misslyckade bilder (73%); 2 outlier-embedding(s)";"Ömsesidig förväxling med Ana Spencer (avstånd 0.037); 1 outlier-embedding(s)"
47;Aubrey Adams;Bobbie Jones;Extremt lika embeddings (avstånd 0.113). Kan vara samma person under olika namn, eller blandade bilder i bådas mappar. → Kontrollera bilderna i båda mapparna. Om samma person: merge. Om olika: rensa felplacerade bilder.;0.470;25;34;49%;47%;"high_yaw(19); no_faces(14); high_pitch(5)";"high_yaw(9); no_faces(4); high_pitch(2)";0.2162;0.1960;0.1135;1;2;"Medelhög varians – möjligen blandade bilder; Ömsesidig förväxling med Bobbie Jones (avstånd 0.113); 1 outlier-embedding(s)";"Ömsesidig förväxling med Aubrey Adams (avstånd 0.113); 2 outlier-embedding(s)"
48;Blonde Cat;Cat OConnell;Personerna har liknande ansiktsdrag (avstånd 0.370). → Kontrollera att bilderna ligger i rätt mappar. Överväg att lägga till fler distinkta bilder. | Blonde Cat har 88% misslyckade bilder – byt ut lågkvalitetsbilder mot bättre. | Cat OConnell har 64% misslyckade bilder – byt ut lågkvalitetsbilder mot bättre. | Blonde Cat har bara 1 bilder – samla fler träningsbilder.;0.470;1;5;88%;64%;"high_yaw(5); high_pitch(2)";"high_pitch(6); high_yaw(3)";0.0000;0.1369;0.3704;0;0;"Mycket få träningsbilder (1 st); Ömsesidig förväxling med Cat OConnell (avstånd 0.370); Hög andel misslyckade bilder (88%)";"Få träningsbilder (5 st); Ömsesidig förväxling med Blonde Cat (avstånd 0.370); Hög andel misslyckade bilder (64%)"
49;Bridgett Harrington;Harmony Rose;Hög varians i Bridgett Harrington tyder på blandade identiteter. → Granska bilderna i mappen och flytta felplacerade bilder till rätt person. | Bridgett Harrington har 95% misslyckade bilder – byt ut lågkvalitetsbilder mot bättre. | Harmony Rose har 79% misslyckade bilder – byt ut lågkvalitetsbilder mot bättre. | Bridgett Harrington har bara 2 bilder – samla fler träningsbilder.;0.469;2;9;95%;79%;"no_faces(25); high_yaw(11); low_focus(3)";"high_yaw(24); no_faces(3); low_focus(3)";0.3135;0.1831;0.6070;0;1;"Mycket få träningsbilder (2 st); Hög varians – troligen blandade identiteter i mappen; Ömsesidig förväxling med Harmony Rose (avstånd 0.607); Hög andel misslyckade bilder (95%)";"Ömsesidig förväxling med Bridgett Harrington (avstånd 0.607); Hög andel misslyckade bilder (79%); 1 outlier-embedding(s)"
50;Desirae Rose;Judy Jensen;Hög varians i Desirae Rose och Judy Jensen tyder på blandade identiteter. → Granska bilderna i dessa mappar och flytta felplacerade bilder till rätt person. | Desirae Rose har 85% misslyckade bilder – byt ut lågkvalitetsbilder mot bättre. | Judy Jensen har 70% misslyckade bilder – byt ut lågkvalitetsbilder mot bättre.;0.469;7;15;85%;70%;"no_faces(23); high_yaw(10); low_focus(7)";"high_yaw(24); high_pitch(6); no_faces(3)";0.5431;0.2925;0.6701;0;1;"Få träningsbilder (7 st); Hög varians – troligen blandade identiteter i mappen; Ömsesidig förväxling med Judy Jensen (avstånd 0.670); Hög andel misslyckade bilder (85%)";"Medelhög varians – möjligen blandade bilder; Ömsesidig förväxling med Desirae Rose (avstånd 0.670); Hög andel misslyckade bilder (70%); 1 outlier-embedding(s)"
51;Jessica Kay;;Hög varians tyder på att mappen innehåller bilder av flera personer. → Granska och rensa mappen. | 86% av bilderna misslyckades. → Byt ut dåliga bilder mot tydligare ansiktsfoton.;0.468;7;;86%;;"no_faces(23); high_yaw(18); low_focus(2)";;0.4982;;0.7005;0;;"Få träningsbilder (7 st); Hög varians – troligen blandade identiteter i mappen; Hög andel misslyckade bilder (86%)";
52;Tsubasa Tamaki;;Hög varians tyder på att mappen innehåller bilder av flera personer. → Granska och rensa mappen. | 92% av bilderna misslyckades. → Byt ut dåliga bilder mot tydligare ansiktsfoton.;0.468;4;;92%;;"high_yaw(27); no_faces(11); low_focus(7)";;0.3416;;0.5568;0;;"Få träningsbilder (4 st); Hög varians – troligen blandade identiteter i mappen; Hög andel misslyckade bilder (92%)";
53;Anissa Holmes;;Hög varians tyder på att mappen innehåller bilder av flera personer. → Granska och rensa mappen. | 56% av bilderna misslyckades. → Byt ut dåliga bilder mot tydligare ansiktsfoton.;0.467;4;;56%;;"high_yaw(4); high_pitch(1)";;0.4570;;0.6535;0;;"Få träningsbilder (4 st); Hög varians – troligen blandade identiteter i mappen; Hög andel misslyckade bilder (56%)";
54;Rui Shiina;;Hög varians tyder på att mappen innehåller bilder av flera personer. → Granska och rensa mappen. | 86% av bilderna misslyckades. → Byt ut dåliga bilder mot tydligare ansiktsfoton.;0.464;7;;86%;;"high_yaw(20); low_focus(12); no_faces(9)";;0.4864;;0.5971;0;;"Få träningsbilder (7 st); Hög varians – troligen blandade identiteter i mappen; Hög andel misslyckade bilder (86%)";
55;Shana Ryder;;Hög varians tyder på att mappen innehåller bilder av flera personer. → Granska och rensa mappen. | 90% av bilderna misslyckades. → Byt ut dåliga bilder mot tydligare ansiktsfoton.;0.464;6;;90%;;"high_yaw(25); low_focus(20); multiple_faces(4)";;0.3368;;0.6641;1;;"Få träningsbilder (6 st); Hög varians – troligen blandade identiteter i mappen; Hög andel misslyckade bilder (90%); 1 outlier-embedding(s)";
56;Vanessa X;;Hög varians tyder på att mappen innehåller bilder av flera personer. → Granska och rensa mappen. | 87% av bilderna misslyckades. → Byt ut dåliga bilder mot tydligare ansiktsfoton.;0.463;4;;87%;;"low_focus(10); high_yaw(9); no_faces(5)";;0.3856;;0.6741;0;;"Få träningsbilder (4 st); Hög varians – troligen blandade identiteter i mappen; Hög andel misslyckade bilder (87%)";
57;Yumi Hirayama;Juri Kitahara;Hög varians i Juri Kitahara tyder på blandade identiteter. → Granska bilderna i mappen och flytta felplacerade bilder till rätt person. | Yumi Hirayama har 88% misslyckade bilder – byt ut lågkvalitetsbilder mot bättre.;0.462;4;19;88%;50%;"high_yaw(18); no_faces(7); low_focus(5)";"high_yaw(10); no_faces(5); low_focus(3)";0.2206;0.3311;0.4768;0;2;"Få träningsbilder (4 st); Medelhög varians – möjligen blandade bilder; Ömsesidig förväxling med Juri Kitahara (avstånd 0.477); Hög andel misslyckade bilder (88%)";"Hög varians – troligen blandade identiteter i mappen; Ömsesidig förväxling med Yumi Hirayama (avstånd 0.477); 2 outlier-embedding(s)"
58;Aline;Aline Rios;Hög varians i Aline tyder på blandade identiteter. → Granska bilderna i mappen och flytta felplacerade bilder till rätt person. | Aline har 84% misslyckade bilder – byt ut lågkvalitetsbilder mot bättre. | Aline Rios har 76% misslyckade bilder – byt ut lågkvalitetsbilder mot bättre.;0.459;8;12;84%;76%;"no_faces(27); high_yaw(11); low_focus(4)";"high_yaw(23); no_faces(12); low_focus(3)";0.4177;0.2315;0.5243;0;1;"Hög varians – troligen blandade identiteter i mappen; Ömsesidig förväxling med Aline Rios (avstånd 0.524); Hög andel misslyckade bilder (84%)";"Medelhög varians – möjligen blandade bilder; Ömsesidig förväxling med Aline (avstånd 0.524); Hög andel misslyckade bilder (76%); 1 outlier-embedding(s)"
59;Vanessa Vox;Vanessa Voxx;Namnen är nästan identiska – troligen samma person. → MERGE: Slå ihop 'Vanessa Vox' och 'Vanessa Voxx' i merge.txt. | Vanessa Vox har 54% misslyckade bilder – byt ut lågkvalitetsbilder mot bättre.;0.458;20;32;54%;0%;"high_yaw(20); no_faces(15); high_pitch(15)";;0.1749;0.1833;0.1375;1;2;"Ömsesidig förväxling med Vanessa Voxx (avstånd 0.138); Hög andel misslyckade bilder (54%); 1 outlier-embedding(s)";"Ömsesidig förväxling med Vanessa Vox (avstånd 0.138); 2 outlier-embedding(s)"
60;Isadora;Lira Red;Extremt lika embeddings (avstånd 0.128). Kan vara samma person under olika namn, eller blandade bilder i bådas mappar. → Kontrollera bilderna i båda mapparna. Om samma person: merge. Om olika: rensa felplacerade bilder. | Isadora har 54% misslyckade bilder – byt ut lågkvalitetsbilder mot bättre.;0.456;23;27;54%;0%;"no_faces(12); high_yaw(8); high_pitch(4)";;0.1744;0.1601;0.1276;1;1;"Ömsesidig förväxling med Lira Red (avstånd 0.128); Hög andel misslyckade bilder (54%); 1 outlier-embedding(s)";"Ömsesidig förväxling med Isadora (avstånd 0.128); 1 outlier-embedding(s)"
61;Sugary Babe;;Hög varians tyder på att mappen innehåller bilder av flera personer. → Granska och rensa mappen. | 69% av bilderna misslyckades. → Byt ut dåliga bilder mot tydligare ansiktsfoton.;0.456;4;;69%;;"high_pitch(5); high_yaw(2); low_focus(2)";;0.4059;;0.6961;0;;"Få träningsbilder (4 st); Hög varians – troligen blandade identiteter i mappen; Hög andel misslyckade bilder (69%)";
62;Claudia Jennings;;Bara 3 träningsbild(er). → Samla fler bilder för att förbättra igenkänningen. | Hög varians tyder på att mappen innehåller bilder av flera personer. → Granska och rensa mappen. | 77% av bilderna misslyckades. → Byt ut dåliga bilder mot tydligare ansiktsfoton.;0.455;3;;77%;;"high_yaw(5); low_focus(3); no_faces(1)";;0.3571;;0.7197;0;;"Mycket få träningsbilder (3 st); Hög varians – troligen blandade identiteter i mappen; Hög andel misslyckade bilder (77%)";
63;Chloie Madison;Avah Sweetz;Hög varians i Chloie Madison tyder på blandade identiteter. → Granska bilderna i mappen och flytta felplacerade bilder till rätt person. | Chloie Madison har 90% misslyckade bilder – byt ut lågkvalitetsbilder mot bättre. | Chloie Madison har bara 3 bilder – samla fler träningsbilder.;0.455;3;10;90%;44%;"no_faces(12); high_yaw(10); low_focus(5)";ok(8);0.3289;0.1826;0.6437;0;1;"Mycket få träningsbilder (3 st); Hög varians – troligen blandade identiteter i mappen; Ömsesidig förväxling med Avah Sweetz (avstånd 0.644); Hög andel misslyckade bilder (90%)";"Ömsesidig förväxling med Chloie Madison (avstånd 0.644); 1 outlier-embedding(s)"
64;Yuki Minami;;Hög varians tyder på att mappen innehåller bilder av flera personer. → Granska och rensa mappen. | 71% av bilderna misslyckades. → Byt ut dåliga bilder mot tydligare ansiktsfoton.;0.454;7;;71%;;"low_focus(8); high_yaw(7); no_faces(2)";;0.5784;;0.6654;0;;"Få träningsbilder (7 st); Hög varians – troligen blandade identiteter i mappen; Hög andel misslyckade bilder (71%)";
65;Ashly Dieter;;Hög varians tyder på att mappen innehåller bilder av flera personer. → Granska och rensa mappen. | 54% av bilderna misslyckades. → Byt ut dåliga bilder mot tydligare ansiktsfoton.;0.454;6;;54%;;"high_yaw(5); high_pitch(1); low_focus(1)";;0.5395;;0.6827;0;;"Få träningsbilder (6 st); Hög varians – troligen blandade identiteter i mappen; Hög andel misslyckade bilder (54%)";
66;Shauna OBrien;;Hög varians tyder på att mappen innehåller bilder av flera personer. → Granska och rensa mappen. | 65% av bilderna misslyckades. → Byt ut dåliga bilder mot tydligare ansiktsfoton.;0.452;7;;65%;;"high_yaw(8); no_faces(3); low_focus(2)";;0.4127;;0.6847;1;;"Få träningsbilder (7 st); Hög varians – troligen blandade identiteter i mappen; Hög andel misslyckade bilder (65%); 1 outlier-embedding(s)";
67;Stacy Cream;Bridgette Banks;Hög varians i Stacy Cream tyder på blandade identiteter. → Granska bilderna i mappen och flytta felplacerade bilder till rätt person. | Stacy Cream har 90% misslyckade bilder – byt ut lågkvalitetsbilder mot bättre.;0.450;4;27;90%;44%;"no_faces(22); high_yaw(11); low_focus(2)";"high_yaw(14); no_faces(7)";0.3537;0.2086;0.6208;0;1;"Få träningsbilder (4 st); Hög varians – troligen blandade identiteter i mappen; Ömsesidig förväxling med Bridgette Banks (avstånd 0.621); Hög andel misslyckade bilder (90%)";"Medelhög varians – möjligen blandade bilder; Ömsesidig förväxling med Stacy Cream (avstånd 0.621); 1 outlier-embedding(s)"
68;Rose Valerie;Try Me;Hög varians i Rose Valerie tyder på blandade identiteter. → Granska bilderna i mappen och flytta felplacerade bilder till rätt person. | Rose Valerie har 88% misslyckade bilder – byt ut lågkvalitetsbilder mot bättre. | Try Me har 63% misslyckade bilder – byt ut lågkvalitetsbilder mot bättre.;0.450;6;25;88%;63%;"high_yaw(20); no_faces(18); low_focus(4)";"high_yaw(37); low_focus(4); high_pitch(1)";0.4237;0.1511;0.6087;0;2;"Få träningsbilder (6 st); Hög varians – troligen blandade identiteter i mappen; Ömsesidig förväxling med Try Me (avstånd 0.609); Hög andel misslyckade bilder (88%)";"Ömsesidig förväxling med Rose Valerie (avstånd 0.609); Hög andel misslyckade bilder (63%); 2 outlier-embedding(s)"
69;Vera C Valene;;Hög varians tyder på att mappen innehåller bilder av flera personer. → Granska och rensa mappen.;0.447;4;;33%;;"high_pitch(1); high_yaw(1)";;0.4608;;0.6972;0;;"Få träningsbilder (4 st); Hög varians – troligen blandade identiteter i mappen";
70;Sasha Lexing;;Hög varians tyder på att mappen innehåller bilder av flera personer. → Granska och rensa mappen. | 92% av bilderna misslyckades. → Byt ut dåliga bilder mot tydligare ansiktsfoton.;0.447;4;;92%;;"no_faces(25); high_yaw(17); low_focus(3)";;0.3431;;0.6742;0;;"Få träningsbilder (4 st); Hög varians – troligen blandade identiteter i mappen; Hög andel misslyckade bilder (92%)";
71;Tamra Toryn;;Bara 3 träningsbild(er). → Samla fler bilder för att förbättra igenkänningen. | Hög varians tyder på att mappen innehåller bilder av flera personer. → Granska och rensa mappen. | 90% av bilderna misslyckades. → Byt ut dåliga bilder mot tydligare ansiktsfoton.;0.446;3;;90%;;"high_yaw(15); no_faces(12); low_focus(1)";;0.3119;;0.6403;0;;"Mycket få träningsbilder (3 st); Hög varians – troligen blandade identiteter i mappen; Hög andel misslyckade bilder (90%)";
72;Melisa A;Melissa Mendiny;Personerna har liknande ansiktsdrag (avstånd 0.419). → Kontrollera att bilderna ligger i rätt mappar. Överväg att lägga till fler distinkta bilder. | Melisa A har 90% misslyckade bilder – byt ut lågkvalitetsbilder mot bättre. | Melissa Mendiny har 67% misslyckade bilder – byt ut lågkvalitetsbilder mot bättre. | Melissa Mendiny har bara 1 bilder – samla fler träningsbilder.;0.446;5;1;90%;67%;"high_yaw(23); no_faces(9); high_pitch(7)";"high_pitch(1); high_yaw(1)";0.1422;0.0000;0.4185;0;0;"Få träningsbilder (5 st); Ömsesidig förväxling med Melissa Mendiny (avstånd 0.419); Hög andel misslyckade bilder (90%)";"Mycket få träningsbilder (1 st); Ömsesidig förväxling med Melisa A (avstånd 0.419); Hög andel misslyckade bilder (67%)"
73;Belle;Indiana A Belle;Hög varians i Belle tyder på blandade identiteter. → Granska bilderna i mappen och flytta felplacerade bilder till rätt person. | Belle har 60% misslyckade bilder – byt ut lågkvalitetsbilder mot bättre. | Indiana A Belle har 60% misslyckade bilder – byt ut lågkvalitetsbilder mot bättre.;0.445;20;10;60%;60%;"no_faces(12); high_yaw(10); low_focus(4)";"high_yaw(5); high_pitch(5); no_faces(5)";0.5505;0.1684;0.4172;1;1;"Hög varians – troligen blandade identiteter i mappen; Ömsesidig förväxling med Indiana A Belle (avstånd 0.417); Hög andel misslyckade bilder (60%); 1 outlier-embedding(s)";"Ömsesidig förväxling med Belle (avstånd 0.417); Hög andel misslyckade bilder (60%); 1 outlier-embedding(s)"
74;Dona Speir;;Hög varians tyder på att mappen innehåller bilder av flera personer. → Granska och rensa mappen.;0.445;6;;45%;;"high_yaw(2); multiple_faces(1); high_pitch(1)";;0.5052;;0.6956;0;;"Få träningsbilder (6 st); Hög varians – troligen blandade identiteter i mappen";
75;Hinata Tachibana;;Bara 3 träningsbild(er). → Samla fler bilder för att förbättra igenkänningen. | 94% av bilderna misslyckades. → Byt ut dåliga bilder mot tydligare ansiktsfoton.;0.444;3;;94%;;"high_yaw(22); low_focus(15); no_faces(9)";;0.2898;;0.5891;0;;"Mycket få träningsbilder (3 st); Medelhög varians – möjligen blandade bilder; Hög andel misslyckade bilder (94%)";
76;Chinatsu Koizumi;;Hög varians tyder på att mappen innehåller bilder av flera personer. → Granska och rensa mappen. | 56% av bilderna misslyckades. → Byt ut dåliga bilder mot tydligare ansiktsfoton.;0.444;4;;56%;;"high_yaw(2); low_focus(2); high_pitch(1)";;0.4014;;0.5915;0;;"Få träningsbilder (4 st); Hög varians – troligen blandade identiteter i mappen; Hög andel misslyckade bilder (56%)";
77;Zhaddie Grey;;Bara 3 träningsbild(er). → Samla fler bilder för att förbättra igenkänningen. | Hög varians tyder på att mappen innehåller bilder av flera personer. → Granska och rensa mappen. | 67% av bilderna misslyckades. → Byt ut dåliga bilder mot tydligare ansiktsfoton.;0.444;3;;67%;;"high_yaw(5); high_pitch(1)";;0.3540;;0.7152;0;;"Mycket få träningsbilder (3 st); Hög varians – troligen blandade identiteter i mappen; Hög andel misslyckade bilder (67%)";
78;Amber Deep;Sabrina Frash;Personerna har liknande ansiktsdrag (avstånd 0.288). → Kontrollera att bilderna ligger i rätt mappar. Överväg att lägga till fler distinkta bilder. | Amber Deep har 59% misslyckade bilder – byt ut lågkvalitetsbilder mot bättre.;0.443;11;25;59%;50%;"no_faces(8); high_yaw(6); low_focus(2)";"no_faces(14); high_yaw(10); low_focus(1)";0.1690;0.1435;0.2885;1;0;"Ömsesidig förväxling med Sabrina Frash (avstånd 0.288); Hög andel misslyckade bilder (59%); 1 outlier-embedding(s)";Ömsesidig förväxling med Amber Deep (avstånd 0.288)
79;Victoria Paris;;Bara 2 träningsbild(er). → Samla fler bilder för att förbättra igenkänningen. | 82% av bilderna misslyckades. → Byt ut dåliga bilder mot tydligare ansiktsfoton.;0.443;2;;82%;;"high_yaw(6); high_pitch(3)";;0.2887;;0.6795;0;;"Mycket få träningsbilder (2 st); Medelhög varians – möjligen blandade bilder; Hög andel misslyckade bilder (82%)";
80;Hitomi Kanou;;Bara 2 träningsbild(er). → Samla fler bilder för att förbättra igenkänningen. | 96% av bilderna misslyckades. → Byt ut dåliga bilder mot tydligare ansiktsfoton.;0.442;2;;96%;;"no_faces(27); high_yaw(16); low_focus(5)";;0.2590;;0.6378;0;;"Mycket få träningsbilder (2 st); Medelhög varians – möjligen blandade bilder; Hög andel misslyckade bilder (96%)";
81;Rin Momoka;;Bara 2 träningsbild(er). → Samla fler bilder för att förbättra igenkänningen. | 89% av bilderna misslyckades. → Byt ut dåliga bilder mot tydligare ansiktsfoton.;0.442;2;;89%;;"high_yaw(6); no_faces(5); low_focus(3)";;0.2721;;0.6712;0;;"Mycket få träningsbilder (2 st); Medelhög varians – möjligen blandade bilder; Hög andel misslyckade bilder (89%)";
82;Susie Pink;Sneila;Extremt lika embeddings (avstånd 0.021). Kan vara samma person under olika namn, eller blandade bilder i bådas mappar. → Kontrollera bilderna i båda mapparna. Om samma person: merge. Om olika: rensa felplacerade bilder.;0.441;15;10;50%;0%;"high_yaw(7); low_focus(4)";;0.1384;0.1075;0.0210;1;0;"Ömsesidig förväxling med Sneila (avstånd 0.021); 1 outlier-embedding(s)";Ömsesidig förväxling med Susie Pink (avstånd 0.021)
83;Yellow Kitty;;Hög varians tyder på att mappen innehåller bilder av flera personer. → Granska och rensa mappen. | 88% av bilderna misslyckades. → Byt ut dåliga bilder mot tydligare ansiktsfoton.;0.441;6;;88%;;"no_faces(28); high_yaw(7); low_focus(5)";;0.4065;;0.6724;0;;"Få träningsbilder (6 st); Hög varians – troligen blandade identiteter i mappen; Hög andel misslyckade bilder (88%)";
84;Betty Saint;Betty C;Personerna har liknande ansiktsdrag (avstånd 0.184). → Kontrollera att bilderna ligger i rätt mappar. Överväg att lägga till fler distinkta bilder. | Betty Saint har 53% misslyckade bilder – byt ut lågkvalitetsbilder mot bättre.;0.440;15;25;53%;50%;"high_yaw(8); high_pitch(5); no_faces(4)";"high_yaw(18); low_focus(3); high_pitch(3)";0.1896;0.1422;0.1844;1;1;"Ömsesidig förväxling med Betty C (avstånd 0.184); Hög andel misslyckade bilder (53%); 1 outlier-embedding(s)";"Ömsesidig förväxling med Betty Saint (avstånd 0.184); 1 outlier-embedding(s)"
85;Isabella Cruz;;Hög varians tyder på att mappen innehåller bilder av flera personer. → Granska och rensa mappen. | 80% av bilderna misslyckades. → Byt ut dåliga bilder mot tydligare ansiktsfoton.;0.440;7;;80%;;"high_yaw(14); no_faces(10); low_focus(2)";;0.4539;;0.6981;0;;"Få träningsbilder (7 st); Hög varians – troligen blandade identiteter i mappen; Hög andel misslyckade bilder (80%)";
86;Susana Cee;;Bara 2 träningsbild(er). → Samla fler bilder för att förbättra igenkänningen. | 75% av bilderna misslyckades. → Byt ut dåliga bilder mot tydligare ansiktsfoton.;0.439;2;;75%;;"high_pitch(3); high_yaw(2); low_focus(1)";;0.2952;;0.7323;0;;"Mycket få träningsbilder (2 st); Medelhög varians – möjligen blandade bilder; Hög andel misslyckade bilder (75%)";
87;Brooke Lyn Rose;Brooke Lynn Santos;Namnen är nästan identiska – troligen samma person. → MERGE: Slå ihop 'Brooke Lyn Rose' och 'Brooke Lynn Santos' i merge.txt.;0.438;4;8;33%;0%;"high_yaw(4); high_pitch(1); low_focus(1)";;0.3358;0.2211;0.5181;0;1;"Få träningsbilder (4 st); Hög varians – troligen blandade identiteter i mappen; Ömsesidig förväxling med Brooke Lynn Santos (avstånd 0.518)";"Medelhög varians – möjligen blandade bilder; Ömsesidig förväxling med Brooke Lyn Rose (avstånd 0.518); 1 outlier-embedding(s)"
88;Brooklyn Jane;Scarlet Faux;Hög varians i Brooklyn Jane och Scarlet Faux tyder på blandade identiteter. → Granska bilderna i dessa mappar och flytta felplacerade bilder till rätt person. | Brooklyn Jane har 62% misslyckade bilder – byt ut lågkvalitetsbilder mot bättre. | Scarlet Faux har 86% misslyckade bilder – byt ut lågkvalitetsbilder mot bättre. | Brooklyn Jane har bara 3 bilder – samla fler träningsbilder.;0.437;3;6;62%;86%;"no_faces(3); high_yaw(2)";"no_faces(16); low_focus(10); high_yaw(9)";0.3494;0.2603;0.6636;0;1;"Mycket få träningsbilder (3 st); Hög varians – troligen blandade identiteter i mappen; Ömsesidig förväxling med Scarlet Faux (avstånd 0.664); Hög andel misslyckade bilder (62%)";"Få träningsbilder (6 st); Medelhög varians – möjligen blandade bilder; Ömsesidig förväxling med Brooklyn Jane (avstånd 0.664); Hög andel misslyckade bilder (86%); 1 outlier-embedding(s)"
89;Arisa Kuroki;;Bara 3 träningsbild(er). → Samla fler bilder för att förbättra igenkänningen. | Hög varians tyder på att mappen innehåller bilder av flera personer. → Granska och rensa mappen. | 82% av bilderna misslyckades. → Byt ut dåliga bilder mot tydligare ansiktsfoton.;0.437;3;;82%;;"high_yaw(6); no_faces(5); high_pitch(2)";;0.3090;;0.6195;0;;"Mycket få träningsbilder (3 st); Hög varians – troligen blandade identiteter i mappen; Hög andel misslyckade bilder (82%)";
90;Stevie Knicks;;Hög varians tyder på att mappen innehåller bilder av flera personer. → Granska och rensa mappen. | 89% av bilderna misslyckades. → Byt ut dåliga bilder mot tydligare ansiktsfoton.;0.436;5;;89%;;"high_yaw(23); no_faces(17)";;0.3607;;0.6769;0;;"Få träningsbilder (5 st); Hög varians – troligen blandade identiteter i mappen; Hög andel misslyckade bilder (89%)";
91;Rinka Aiuchi;;88% av bilderna misslyckades. → Byt ut dåliga bilder mot tydligare ansiktsfoton.;0.435;6;;88%;;"high_yaw(27); low_focus(8); no_faces(7)";;0.2829;;0.6259;1;;"Få träningsbilder (6 st); Medelhög varians – möjligen blandade bilder; Hög andel misslyckade bilder (88%); 1 outlier-embedding(s)";
92;Akira Raine;;Hög varians tyder på att mappen innehåller bilder av flera personer. → Granska och rensa mappen. | 57% av bilderna misslyckades. → Byt ut dåliga bilder mot tydligare ansiktsfoton.;0.430;6;;57%;;"high_yaw(5); no_faces(3)";;0.4451;;0.6837;0;;"Få träningsbilder (6 st); Hög varians – troligen blandade identiteter i mappen; Hög andel misslyckade bilder (57%)";
93;Ariel X;;Hög varians tyder på att mappen innehåller bilder av flera personer. → Granska och rensa mappen. | 86% av bilderna misslyckades. → Byt ut dåliga bilder mot tydligare ansiktsfoton.;0.430;7;;86%;;"no_faces(25); high_yaw(15); low_focus(2)";;0.3255;;0.7364;1;;"Få träningsbilder (7 st); Hög varians – troligen blandade identiteter i mappen; Hög andel misslyckade bilder (86%); 1 outlier-embedding(s)";
94;Angel Anderson;;Hög varians tyder på att mappen innehåller bilder av flera personer. → Granska och rensa mappen. | 71% av bilderna misslyckades. → Byt ut dåliga bilder mot tydligare ansiktsfoton.;0.429;4;;71%;;"high_yaw(9); high_pitch(1)";;0.3493;;0.6491;0;;"Få träningsbilder (4 st); Hög varians – troligen blandade identiteter i mappen; Hög andel misslyckade bilder (71%)";
95;Reina Mizuki;Emi Harukaze;Hög varians i Reina Mizuki tyder på blandade identiteter. → Granska bilderna i mappen och flytta felplacerade bilder till rätt person. | Reina Mizuki har 84% misslyckade bilder – byt ut lågkvalitetsbilder mot bättre. | Emi Harukaze har 92% misslyckade bilder – byt ut lågkvalitetsbilder mot bättre.;0.429;8;4;84%;92%;"no_faces(30); high_yaw(12)";"high_yaw(22); no_faces(19); low_focus(4)";0.3580;0.1818;0.5879;1;0;"Hög varians – troligen blandade identiteter i mappen; Ömsesidig förväxling med Emi Harukaze (avstånd 0.588); Hög andel misslyckade bilder (84%); 1 outlier-embedding(s)";"Få träningsbilder (4 st); Ömsesidig förväxling med Reina Mizuki (avstånd 0.588); Hög andel misslyckade bilder (92%)"
96;Riley Cyriis;;76% av bilderna misslyckades. → Byt ut dåliga bilder mot tydligare ansiktsfoton.;0.429;6;;76%;;"no_faces(10); high_yaw(7); low_focus(1)";;0.2949;;0.6277;1;;"Få träningsbilder (6 st); Medelhög varians – möjligen blandade bilder; Hög andel misslyckade bilder (76%); 1 outlier-embedding(s)";
97;Talia Monet;Daniela Diamond;Hög varians i Talia Monet och Daniela Diamond tyder på blandade identiteter. → Granska bilderna i dessa mappar och flytta felplacerade bilder till rätt person. | Talia Monet har 86% misslyckade bilder – byt ut lågkvalitetsbilder mot bättre. | Daniela Diamond har 78% misslyckade bilder – byt ut lågkvalitetsbilder mot bättre.;0.429;7;11;86%;78%;"no_faces(22); high_yaw(17); low_focus(4)";"high_yaw(24); no_faces(8); low_focus(5)";0.3239;0.2805;0.6494;1;1;"Få träningsbilder (7 st); Hög varians – troligen blandade identiteter i mappen; Ömsesidig förväxling med Daniela Diamond (avstånd 0.649); Hög andel misslyckade bilder (86%); 1 outlier-embedding(s)";"Medelhög varians – möjligen blandade bilder; Ömsesidig förväxling med Talia Monet (avstånd 0.649); Hög andel misslyckade bilder (78%); 1 outlier-embedding(s)"
98;Aicha Lark;Nikki Blake;Hög varians i Aicha Lark och Nikki Blake tyder på blandade identiteter. → Granska bilderna i dessa mappar och flytta felplacerade bilder till rätt person. | Aicha Lark har 75% misslyckade bilder – byt ut lågkvalitetsbilder mot bättre. | Nikki Blake har 62% misslyckade bilder – byt ut lågkvalitetsbilder mot bättre. | Aicha Lark har bara 3 bilder – samla fler träningsbilder.;0.428;3;19;75%;62%;"high_yaw(6); high_pitch(2); low_focus(1)";"high_yaw(19); high_pitch(9); no_faces(2)";0.3064;0.3313;0.6155;0;1;"Mycket få träningsbilder (3 st); Hög varians – troligen blandade identiteter i mappen; Ömsesidig förväxling med Nikki Blake (avstånd 0.616); Hög andel misslyckade bilder (75%)";"Hög varians – troligen blandade identiteter i mappen; Ömsesidig förväxling med Aicha Lark (avstånd 0.616); Hög andel misslyckade bilder (62%); 1 outlier-embedding(s)"
99;Sindee Coxx;;Bara 2 träningsbild(er). → Samla fler bilder för att förbättra igenkänningen. | Hög varians tyder på att mappen innehåller bilder av flera personer. → Granska och rensa mappen. | 60% av bilderna misslyckades. → Byt ut dåliga bilder mot tydligare ansiktsfoton.;0.427;2;;60%;;"high_yaw(2); high_pitch(1)";;0.3001;;0.6849;0;;"Mycket få träningsbilder (2 st); Hög varians – troligen blandade identiteter i mappen; Hög andel misslyckade bilder (60%)";
100;Scarlett Scott;;Hög varians tyder på att mappen innehåller bilder av flera personer. → Granska och rensa mappen. | 84% av bilderna misslyckades. → Byt ut dåliga bilder mot tydligare ansiktsfoton.;0.427;5;;84%;;"no_faces(12); low_focus(7); high_yaw(7)";;0.3523;;0.6758;0;;"Få träningsbilder (5 st); Hög varians – troligen blandade identiteter i mappen; Hög andel misslyckade bilder (84%)";
101;Eva Kahil;;Hög varians tyder på att mappen innehåller bilder av flera personer. → Granska och rensa mappen. | 86% av bilderna misslyckades. → Byt ut dåliga bilder mot tydligare ansiktsfoton.;0.425;7;;86%;;"no_faces(30); high_yaw(7); low_focus(4)";;0.3157;;0.6753;1;;"Få träningsbilder (7 st); Hög varians – troligen blandade identiteter i mappen; Hög andel misslyckade bilder (86%); 1 outlier-embedding(s)";
102;Shelby Good;Alison Rey;Hög varians i Shelby Good tyder på blandade identiteter. → Granska bilderna i mappen och flytta felplacerade bilder till rätt person. | Shelby Good har 69% misslyckade bilder – byt ut lågkvalitetsbilder mot bättre. | Alison Rey har 68% misslyckade bilder – byt ut lågkvalitetsbilder mot bättre.;0.424;5;16;69%;68%;"high_yaw(6); high_pitch(3); no_faces(2)";"no_faces(12); high_yaw(11); low_focus(6)";0.3075;0.1938;0.5458;0;0;"Få träningsbilder (5 st); Hög varians – troligen blandade identiteter i mappen; Ömsesidig förväxling med Alison Rey (avstånd 0.546); Hög andel misslyckade bilder (69%)";"Ömsesidig förväxling med Shelby Good (avstånd 0.546); Hög andel misslyckade bilder (68%)"
103;Alana Jade;;Bara 3 träningsbild(er). → Samla fler bilder för att förbättra igenkänningen. | Hög varians tyder på att mappen innehåller bilder av flera personer. → Granska och rensa mappen. | 57% av bilderna misslyckades. → Byt ut dåliga bilder mot tydligare ansiktsfoton.;0.423;3;;57%;;"high_yaw(3); high_pitch(1)";;0.3326;;0.6967;0;;"Mycket få träningsbilder (3 st); Hög varians – troligen blandade identiteter i mappen; Hög andel misslyckade bilder (57%)";
104;Crista Lynn;Trisha Delight;Hög varians i Crista Lynn tyder på blandade identiteter. → Granska bilderna i mappen och flytta felplacerade bilder till rätt person. | Crista Lynn har 88% misslyckade bilder – byt ut lågkvalitetsbilder mot bättre. | Trisha Delight har 86% misslyckade bilder – byt ut lågkvalitetsbilder mot bättre.;0.423;6;6;88%;86%;"no_faces(29); high_yaw(11); low_focus(2)";"high_yaw(26); no_faces(10); low_focus(2)";0.2597;0.2176;0.6917;1;0;"Få träningsbilder (6 st); Medelhög varians – möjligen blandade bilder; Ömsesidig förväxling med Trisha Delight (avstånd 0.692); Hög andel misslyckade bilder (88%); 1 outlier-embedding(s)";"Få träningsbilder (6 st); Medelhög varians – möjligen blandade bilder; Ömsesidig förväxling med Crista Lynn (avstånd 0.692); Hög andel misslyckade bilder (86%)"
105;Gea Ahe;;Hög varians tyder på att mappen innehåller bilder av flera personer. → Granska och rensa mappen. | 67% av bilderna misslyckades. → Byt ut dåliga bilder mot tydligare ansiktsfoton.;0.423;4;;67%;;"high_yaw(3); low_focus(3); high_pitch(2)";;0.3457;;0.6981;0;;"Få träningsbilder (4 st); Hög varians – troligen blandade identiteter i mappen; Hög andel misslyckade bilder (67%)";
106;Joy Behrman;;Bara 3 träningsbild(er). → Samla fler bilder för att förbättra igenkänningen. | 80% av bilderna misslyckades. → Byt ut dåliga bilder mot tydligare ansiktsfoton.;0.423;3;;80%;;"high_yaw(7); no_faces(4); high_pitch(1)";;0.2857;;0.6961;0;;"Mycket få träningsbilder (3 st); Medelhög varians – möjligen blandade bilder; Hög andel misslyckade bilder (80%)";
107;Rae Rogue;;92% av bilderna misslyckades. → Byt ut dåliga bilder mot tydligare ansiktsfoton.;0.423;4;;92%;;"no_faces(31); low_focus(7); high_yaw(7)";;0.2949;;0.7229;0;;"Få träningsbilder (4 st); Medelhög varians – möjligen blandade bilder; Hög andel misslyckade bilder (92%)";
108;Haruka Uchiyama;Cocoa Ayane;Personerna har liknande ansiktsdrag (avstånd 0.539). → Kontrollera att bilderna ligger i rätt mappar. Överväg att lägga till fler distinkta bilder. | Haruka Uchiyama har 75% misslyckade bilder – byt ut lågkvalitetsbilder mot bättre. | Cocoa Ayane har 78% misslyckade bilder – byt ut lågkvalitetsbilder mot bättre. | Haruka Uchiyama har bara 2 bilder – samla fler träningsbilder.;0.423;2;11;75%;78%;"high_yaw(4); high_pitch(1); low_focus(1)";"high_yaw(19); low_focus(9); no_faces(9)";0.1833;0.1978;0.5393;0;1;"Mycket få träningsbilder (2 st); Ömsesidig förväxling med Cocoa Ayane (avstånd 0.539); Hög andel misslyckade bilder (75%)";"Ömsesidig förväxling med Haruka Uchiyama (avstånd 0.539); Hög andel misslyckade bilder (78%); 1 outlier-embedding(s)"
109;Traci Topps;;Hög varians tyder på att mappen innehåller bilder av flera personer. → Granska och rensa mappen. | 69% av bilderna misslyckades. → Byt ut dåliga bilder mot tydligare ansiktsfoton.;0.423;4;;69%;;"high_yaw(4); no_faces(3); low_focus(1)";;0.3231;;0.5831;0;;"Få träningsbilder (4 st); Hög varians – troligen blandade identiteter i mappen; Hög andel misslyckade bilder (69%)";
110;Sonoya Mizuno;Yasemin Gold;Hög varians i Sonoya Mizuno tyder på blandade identiteter. → Granska bilderna i mappen och flytta felplacerade bilder till rätt person.;0.422;7;12;42%;43%;high_yaw(5);"no_faces(5); low_focus(2); high_yaw(2)";0.4490;0.1897;0.5650;0;1;"Få träningsbilder (7 st); Hög varians – troligen blandade identiteter i mappen; Ömsesidig förväxling med Yasemin Gold (avstånd 0.565)";"Ömsesidig förväxling med Sonoya Mizuno (avstånd 0.565); 1 outlier-embedding(s)"
111;Gianna Capone;;Hög varians tyder på att mappen innehåller bilder av flera personer. → Granska och rensa mappen. | 85% av bilderna misslyckades. → Byt ut dåliga bilder mot tydligare ansiktsfoton.;0.422;4;;85%;;"high_yaw(13); no_faces(8); low_focus(2)";;0.3074;;0.6519;0;;"Få träningsbilder (4 st); Hög varians – troligen blandade identiteter i mappen; Hög andel misslyckade bilder (85%)";
112;Xaya Lovelle;;Hög varians tyder på att mappen innehåller bilder av flera personer. → Granska och rensa mappen. | 67% av bilderna misslyckades. → Byt ut dåliga bilder mot tydligare ansiktsfoton.;0.422;6;;67%;;"no_faces(6); high_yaw(4); low_focus(2)";;0.4108;;0.7150;0;;"Få träningsbilder (6 st); Hög varians – troligen blandade identiteter i mappen; Hög andel misslyckade bilder (67%)";
113;Dream Of Dani;;Bara 2 träningsbild(er). → Samla fler bilder för att förbättra igenkänningen. | 67% av bilderna misslyckades. → Byt ut dåliga bilder mot tydligare ansiktsfoton.;0.422;2;;67%;;"high_yaw(3); high_pitch(1)";;0.2766;;0.6319;0;;"Mycket få träningsbilder (2 st); Medelhög varians – möjligen blandade bilder; Hög andel misslyckade bilder (67%)";
114;Brianna Dymond;;Bara 3 träningsbild(er). → Samla fler bilder för att förbättra igenkänningen. | 73% av bilderna misslyckades. → Byt ut dåliga bilder mot tydligare ansiktsfoton.;0.421;3;;73%;;"high_yaw(7); high_pitch(1)";;0.2974;;0.6342;0;;"Mycket få träningsbilder (3 st); Medelhög varians – möjligen blandade bilder; Hög andel misslyckade bilder (73%)";
115;Cristina Agave;;Hög varians tyder på att mappen innehåller bilder av flera personer. → Granska och rensa mappen. | 83% av bilderna misslyckades. → Byt ut dåliga bilder mot tydligare ansiktsfoton.;0.421;7;;83%;;"high_yaw(24); low_focus(5); no_faces(5)";;0.3147;;0.6526;1;;"Få träningsbilder (7 st); Hög varians – troligen blandade identiteter i mappen; Hög andel misslyckade bilder (83%); 1 outlier-embedding(s)";
116;Chinatsu Kurusu;Hiroko Kuwata;Personerna har liknande ansiktsdrag (avstånd 0.528). → Kontrollera att bilderna ligger i rätt mappar. Överväg att lägga till fler distinkta bilder. | Chinatsu Kurusu har 84% misslyckade bilder – byt ut lågkvalitetsbilder mot bättre. | Hiroko Kuwata har 81% misslyckade bilder – byt ut lågkvalitetsbilder mot bättre.;0.421;5;14;84%;81%;"high_yaw(19); low_focus(4); no_faces(3)";"no_faces(35); high_yaw(19); high_pitch(5)";0.2462;0.2210;0.5280;0;1;"Få träningsbilder (5 st); Medelhög varians – möjligen blandade bilder; Ömsesidig förväxling med Hiroko Kuwata (avstånd 0.528); Hög andel misslyckade bilder (84%)";"Medelhög varians – möjligen blandade bilder; Ömsesidig förväxling med Chinatsu Kurusu (avstånd 0.528); Hög andel misslyckade bilder (81%); 1 outlier-embedding(s)"
117;Britney Swallows;;Hög varians tyder på att mappen innehåller bilder av flera personer. → Granska och rensa mappen. | 90% av bilderna misslyckades. → Byt ut dåliga bilder mot tydligare ansiktsfoton.;0.420;5;;90%;;"no_faces(35); high_yaw(5); low_focus(4)";;0.3268;;0.7142;0;;"Få träningsbilder (5 st); Hög varians – troligen blandade identiteter i mappen; Hög andel misslyckade bilder (90%)";
118;Angela Salvagno;Abby Marie;Hög varians i Angela Salvagno och Abby Marie tyder på blandade identiteter. → Granska bilderna i dessa mappar och flytta felplacerade bilder till rätt person. | Angela Salvagno har 92% misslyckade bilder – byt ut lågkvalitetsbilder mot bättre. | Abby Marie har 86% misslyckade bilder – byt ut lågkvalitetsbilder mot bättre.;0.420;4;7;92%;86%;"no_faces(19); high_yaw(14); high_pitch(8)";"no_faces(23); high_yaw(16); low_focus(3)";0.2777;0.2828;0.5912;0;0;"Få träningsbilder (4 st); Medelhög varians – möjligen blandade bilder; Ömsesidig förväxling med Abby Marie (avstånd 0.591); Hög andel misslyckade bilder (92%)";"Få träningsbilder (7 st); Medelhög varians – möjligen blandade bilder; Ömsesidig förväxling med Angela Salvagno (avstånd 0.591); Hög andel misslyckade bilder (86%)"
119;Yoko Yoshikawa;;Hög varians tyder på att mappen innehåller bilder av flera personer. → Granska och rensa mappen. | 90% av bilderna misslyckades. → Byt ut dåliga bilder mot tydligare ansiktsfoton.;0.420;5;;90%;;"no_faces(38); high_yaw(4); high_pitch(2)";;0.3259;;0.6448;0;;"Få träningsbilder (5 st); Hög varians – troligen blandade identiteter i mappen; Hög andel misslyckade bilder (90%)";
120;Danielle Ginibre;;Bara 2 träningsbild(er). → Samla fler bilder för att förbättra igenkänningen. | 96% av bilderna misslyckades. → Byt ut dåliga bilder mot tydligare ansiktsfoton.;0.419;2;;96%;;"low_focus(21); high_yaw(17); high_pitch(7)";;0.2119;;0.6854;0;;"Mycket få träningsbilder (2 st); Medelhög varians – möjligen blandade bilder; Hög andel misslyckade bilder (96%)";
121;Eva Torres;Cora Wild;Hög varians i Eva Torres tyder på blandade identiteter. → Granska bilderna i mappen och flytta felplacerade bilder till rätt person. | Cora Wild har 61% misslyckade bilder – byt ut lågkvalitetsbilder mot bättre.;0.417;5;7;50%;61%;"high_yaw(3); high_pitch(1); low_focus(1)";"no_faces(8); high_yaw(3)";0.4006;0.1381;0.6383;0;0;"Få träningsbilder (5 st); Hög varians – troligen blandade identiteter i mappen; Ömsesidig förväxling med Cora Wild (avstånd 0.638)";"Få träningsbilder (7 st); Ömsesidig förväxling med Eva Torres (avstånd 0.638); Hög andel misslyckade bilder (61%)"
122;Andrea Renee;;Bara 2 träningsbild(er). → Samla fler bilder för att förbättra igenkänningen. | 96% av bilderna misslyckades. → Byt ut dåliga bilder mot tydligare ansiktsfoton.;0.417;2;;96%;;"no_faces(34); high_yaw(11); high_pitch(2)";;0.2080;;0.7129;0;;"Mycket få träningsbilder (2 st); Medelhög varians – möjligen blandade bilder; Hög andel misslyckade bilder (96%)";
123;Skyy Black;Cheetah Blige;Hög varians i Cheetah Blige tyder på blandade identiteter. → Granska bilderna i mappen och flytta felplacerade bilder till rätt person. | Skyy Black har 88% misslyckade bilder – byt ut lågkvalitetsbilder mot bättre. | Cheetah Blige har 74% misslyckade bilder – byt ut lågkvalitetsbilder mot bättre.;0.416;6;11;88%;74%;"high_yaw(20); no_faces(15); low_focus(6)";"high_yaw(27); no_faces(4); low_focus(1)";0.2457;0.3712;0.6059;1;1;"Få träningsbilder (6 st); Medelhög varians – möjligen blandade bilder; Ömsesidig förväxling med Cheetah Blige (avstånd 0.606); Hög andel misslyckade bilder (88%); 1 outlier-embedding(s)";"Hög varians – troligen blandade identiteter i mappen; Ömsesidig förväxling med Skyy Black (avstånd 0.606); Hög andel misslyckade bilder (74%); 1 outlier-embedding(s)"
124;Tyna Shy;;Hög varians tyder på att mappen innehåller bilder av flera personer. → Granska och rensa mappen. | 56% av bilderna misslyckades. → Byt ut dåliga bilder mot tydligare ansiktsfoton.;0.416;4;;56%;;"high_yaw(4); high_pitch(1)";;0.3535;;0.6883;0;;"Få träningsbilder (4 st); Hög varians – troligen blandade identiteter i mappen; Hög andel misslyckade bilder (56%)";
125;Damanie Rose;Solah Laflare;Hög varians i Solah Laflare tyder på blandade identiteter. → Granska bilderna i mappen och flytta felplacerade bilder till rätt person. | Damanie Rose har 92% misslyckade bilder – byt ut lågkvalitetsbilder mot bättre. | Solah Laflare har 66% misslyckade bilder – byt ut lågkvalitetsbilder mot bättre. | Damanie Rose har bara 2 bilder – samla fler träningsbilder.;0.415;2;17;92%;66%;"no_faces(12); high_yaw(11); high_pitch(1)";"high_yaw(15); no_faces(15); high_pitch(3)";0.1637;0.2793;0.5633;0;1;"Mycket få träningsbilder (2 st); Ömsesidig förväxling med Solah Laflare (avstånd 0.563); Hög andel misslyckade bilder (92%)";"Medelhög varians – möjligen blandade bilder; Ömsesidig förväxling med Damanie Rose (avstånd 0.563); Hög andel misslyckade bilder (66%); 1 outlier-embedding(s)"
126;Sofia Alexandria;;Hög varians tyder på att mappen innehåller bilder av flera personer. → Granska och rensa mappen. | 56% av bilderna misslyckades. → Byt ut dåliga bilder mot tydligare ansiktsfoton.;0.414;4;;56%;;"high_yaw(4); high_pitch(1)";;0.3508;;0.6727;0;;"Få träningsbilder (4 st); Hög varians – troligen blandade identiteter i mappen; Hög andel misslyckade bilder (56%)";
127;Heather Kelly;;Hög varians tyder på att mappen innehåller bilder av flera personer. → Granska och rensa mappen. | 79% av bilderna misslyckades. → Byt ut dåliga bilder mot tydligare ansiktsfoton.;0.414;5;;79%;;"high_yaw(18); no_faces(1)";;0.3362;;0.6580;0;;"Få träningsbilder (5 st); Hög varians – troligen blandade identiteter i mappen; Hög andel misslyckade bilder (79%)";
128;Jenia Domai;;Bara 3 träningsbild(er). → Samla fler bilder för att förbättra igenkänningen. | Hög varians tyder på att mappen innehåller bilder av flera personer. → Granska och rensa mappen.;0.414;3;;50%;;"high_pitch(1); high_yaw(1); low_focus(1)";;0.3277;;0.6970;0;;"Mycket få träningsbilder (3 st); Hög varians – troligen blandade identiteter i mappen";
129;Yayoi Hayase;;Hög varians tyder på att mappen innehåller bilder av flera personer. → Granska och rensa mappen.;0.414;4;;33%;;ok(2);;0.3940;;0.6775;0;;"Få träningsbilder (4 st); Hög varians – troligen blandade identiteter i mappen";
130;Taini Ahe;;Hög varians tyder på att mappen innehåller bilder av flera personer. → Granska och rensa mappen. | 69% av bilderna misslyckades. → Byt ut dåliga bilder mot tydligare ansiktsfoton.;0.413;4;;69%;;"high_yaw(7); high_pitch(2)";;0.3216;;0.6731;0;;"Få träningsbilder (4 st); Hög varians – troligen blandade identiteter i mappen; Hög andel misslyckade bilder (69%)";
131;Cassandra Marie Walker;;Hög varians tyder på att mappen innehåller bilder av flera personer. → Granska och rensa mappen. | 58% av bilderna misslyckades. → Byt ut dåliga bilder mot tydligare ansiktsfoton.;0.413;5;;58%;;"high_pitch(4); high_yaw(3)";;0.3767;;0.6771;0;;"Få träningsbilder (5 st); Hög varians – troligen blandade identiteter i mappen; Hög andel misslyckade bilder (58%)";
132;Sabrina Sparx;Scarlett Storm;Hög varians i Sabrina Sparx tyder på blandade identiteter. → Granska bilderna i mappen och flytta felplacerade bilder till rätt person. | Sabrina Sparx har 88% misslyckade bilder – byt ut lågkvalitetsbilder mot bättre. | Scarlett Storm har 89% misslyckade bilder – byt ut lågkvalitetsbilder mot bättre. | Scarlett Storm har bara 3 bilder – samla fler träningsbilder.;0.413;6;3;88%;89%;"no_faces(28); high_yaw(14); low_focus(1)";"high_yaw(11); no_faces(9); low_focus(3)";0.3498;0.1349;0.6516;0;0;"Få träningsbilder (6 st); Hög varians – troligen blandade identiteter i mappen; Ömsesidig förväxling med Scarlett Storm (avstånd 0.652); Hög andel misslyckade bilder (88%)";"Mycket få träningsbilder (3 st); Ömsesidig förväxling med Sabrina Sparx (avstånd 0.652); Hög andel misslyckade bilder (89%)"
133;Cassey Chasem;Vanessa Albright;Personerna har liknande ansiktsdrag (avstånd 0.235). → Kontrollera att bilderna ligger i rätt mappar. Överväg att lägga till fler distinkta bilder. | Cassey Chasem har 67% misslyckade bilder – byt ut lågkvalitetsbilder mot bättre. | Vanessa Albright har 64% misslyckade bilder – byt ut lågkvalitetsbilder mot bättre.;0.413;21;18;67%;64%;"high_yaw(26); high_pitch(11); no_faces(4)";"high_yaw(14); no_faces(9); high_pitch(5)";0.2171;0.1207;0.2348;0;1;"Medelhög varians – möjligen blandade bilder; Ömsesidig förväxling med Vanessa Albright (avstånd 0.235); Hög andel misslyckade bilder (67%)";"Ömsesidig förväxling med Cassey Chasem (avstånd 0.235); Hög andel misslyckade bilder (64%); 1 outlier-embedding(s)"
134;Callie Nicole;;Bara 2 träningsbild(er). → Samla fler bilder för att förbättra igenkänningen. | 90% av bilderna misslyckades. → Byt ut dåliga bilder mot tydligare ansiktsfoton.;0.412;2;;90%;;"high_yaw(9); no_faces(8); low_focus(2)";;0.2102;;0.6892;0;;"Mycket få träningsbilder (2 st); Medelhög varians – möjligen blandade bilder; Hög andel misslyckade bilder (90%)";
135;Silvia Lancome;Gaby Black;Hög varians i Silvia Lancome och Gaby Black tyder på blandade identiteter. → Granska bilderna i dessa mappar och flytta felplacerade bilder till rätt person. | Silvia Lancome har 75% misslyckade bilder – byt ut lågkvalitetsbilder mot bättre. | Gaby Black har 74% misslyckade bilder – byt ut lågkvalitetsbilder mot bättre.;0.412;5;13;75%;74%;"high_yaw(7); no_faces(6); high_pitch(2)";"no_faces(22); high_pitch(8); high_yaw(4)";0.3404;0.2655;0.6570;0;1;"Få träningsbilder (5 st); Hög varians – troligen blandade identiteter i mappen; Ömsesidig förväxling med Gaby Black (avstånd 0.657); Hög andel misslyckade bilder (75%)";"Medelhög varians – möjligen blandade bilder; Ömsesidig förväxling med Silvia Lancome (avstånd 0.657); Hög andel misslyckade bilder (74%); 1 outlier-embedding(s)"
136;Devushka Blonda;Lilli Vanilli;Personerna har liknande ansiktsdrag (avstånd 0.563). → Kontrollera att bilderna ligger i rätt mappar. Överväg att lägga till fler distinkta bilder. | Devushka Blonda har 77% misslyckade bilder – byt ut lågkvalitetsbilder mot bättre. | Lilli Vanilli har 61% misslyckade bilder – byt ut lågkvalitetsbilder mot bättre. | Devushka Blonda har bara 3 bilder – samla fler träningsbilder.;0.412;3;14;77%;61%;"high_yaw(6); no_faces(4)";"high_yaw(17); no_faces(3); low_focus(2)";0.2218;0.2211;0.5635;0;1;"Mycket få träningsbilder (3 st); Medelhög varians – möjligen blandade bilder; Ömsesidig förväxling med Lilli Vanilli (avstånd 0.563); Hög andel misslyckade bilder (77%)";"Medelhög varians – möjligen blandade bilder; Ömsesidig förväxling med Devushka Blonda (avstånd 0.563); Hög andel misslyckade bilder (61%); 1 outlier-embedding(s)"
137;Hazel Moon;;Bara 3 träningsbild(er). → Samla fler bilder för att förbättra igenkänningen. | 70% av bilderna misslyckades. → Byt ut dåliga bilder mot tydligare ansiktsfoton.;0.411;3;;70%;;"high_yaw(5); high_pitch(1); low_focus(1)";;0.2828;;0.6570;0;;"Mycket få träningsbilder (3 st); Medelhög varians – möjligen blandade bilder; Hög andel misslyckade bilder (70%)";
138;Ashley Renee;;Hög varians tyder på att mappen innehåller bilder av flera personer. → Granska och rensa mappen. | 71% av bilderna misslyckades. → Byt ut dåliga bilder mot tydligare ansiktsfoton.;0.411;4;;71%;;"high_yaw(7); no_faces(3)";;0.3130;;0.6556;0;;"Få träningsbilder (4 st); Hög varians – troligen blandade identiteter i mappen; Hög andel misslyckade bilder (71%)";
139;Red Rock;Sofie Marie;Hög varians i Red Rock tyder på blandade identiteter. → Granska bilderna i mappen och flytta felplacerade bilder till rätt person. | Red Rock har 65% misslyckade bilder – byt ut lågkvalitetsbilder mot bättre. | Sofie Marie har 56% misslyckade bilder – byt ut lågkvalitetsbilder mot bättre.;0.411;7;22;65%;56%;"high_yaw(8); no_faces(4); multiple_faces(1)";"no_faces(12); high_yaw(10); high_pitch(5)";0.4256;0.1878;0.6939;0;1;"Få träningsbilder (7 st); Hög varians – troligen blandade identiteter i mappen; Ömsesidig förväxling med Sofie Marie (avstånd 0.694); Hög andel misslyckade bilder (65%)";"Ömsesidig förväxling med Red Rock (avstånd 0.694); Hög andel misslyckade bilder (56%); 1 outlier-embedding(s)"
140;Carrie Beckett;;Hög varians tyder på att mappen innehåller bilder av flera personer. → Granska och rensa mappen.;0.411;4;;33%;;high_yaw(2);;0.3888;;0.6494;0;;"Få träningsbilder (4 st); Hög varians – troligen blandade identiteter i mappen";
141;Gisele Carioca;;Bara 2 träningsbild(er). → Samla fler bilder för att förbättra igenkänningen. | 71% av bilderna misslyckades. → Byt ut dåliga bilder mot tydligare ansiktsfoton.;0.411;2;;71%;;high_yaw(5);;0.2453;;0.7119;0;;"Mycket få träningsbilder (2 st); Medelhög varians – möjligen blandade bilder; Hög andel misslyckade bilder (71%)";
142;Rocky Pebbles;;Bara 2 träningsbild(er). → Samla fler bilder för att förbättra igenkänningen. | 82% av bilderna misslyckades. → Byt ut dåliga bilder mot tydligare ansiktsfoton.;0.410;2;;82%;;ok(9);;0.2239;;0.7048;0;;"Mycket få träningsbilder (2 st); Medelhög varians – möjligen blandade bilder; Hög andel misslyckade bilder (82%)";
143;Zhenia Inness;Zoey Ray;Hög varians i Zhenia Inness tyder på blandade identiteter. → Granska bilderna i mappen och flytta felplacerade bilder till rätt person. | Zhenia Inness har 55% misslyckade bilder – byt ut lågkvalitetsbilder mot bättre.;0.410;5;31;55%;38%;"high_yaw(5); high_pitch(1)";"high_yaw(10); no_faces(8); high_pitch(1)";0.3782;0.1756;0.6255;0;1;"Få träningsbilder (5 st); Hög varians – troligen blandade identiteter i mappen; Ömsesidig förväxling med Zoey Ray (avstånd 0.625); Hög andel misslyckade bilder (55%)";"Ömsesidig förväxling med Zhenia Inness (avstånd 0.625); 1 outlier-embedding(s)"
144;Anna Germiona;;Hög varians tyder på att mappen innehåller bilder av flera personer. → Granska och rensa mappen. | 60% av bilderna misslyckades. → Byt ut dåliga bilder mot tydligare ansiktsfoton.;0.410;4;;60%;;"high_yaw(3); high_pitch(2); low_focus(1)";;0.3336;;0.6781;0;;"Få träningsbilder (4 st); Hög varians – troligen blandade identiteter i mappen; Hög andel misslyckade bilder (60%)";
145;Ambyr Childers;Olivia Preston;Hög varians i Ambyr Childers tyder på blandade identiteter. → Granska bilderna i mappen och flytta felplacerade bilder till rätt person. | Olivia Preston har 56% misslyckade bilder – byt ut lågkvalitetsbilder mot bättre. | Ambyr Childers har bara 3 bilder – samla fler träningsbilder.;0.410;3;22;50%;56%;high_yaw(3);"high_yaw(22); low_focus(3); no_faces(2)";0.3192;0.1902;0.6748;0;1;"Mycket få träningsbilder (3 st); Hög varians – troligen blandade identiteter i mappen; Ömsesidig förväxling med Olivia Preston (avstånd 0.675)";"Ömsesidig förväxling med Ambyr Childers (avstånd 0.675); Hög andel misslyckade bilder (56%); 1 outlier-embedding(s)"
146;Vyness Lucero;;76% av bilderna misslyckades. → Byt ut dåliga bilder mot tydligare ansiktsfoton.;0.409;4;;76%;;"no_faces(5); low_focus(5); high_yaw(3)";;0.2987;;0.6598;0;;"Få träningsbilder (4 st); Medelhög varians – möjligen blandade bilder; Hög andel misslyckade bilder (76%)";
147;Catherine Ringer;;Hög varians tyder på att mappen innehåller bilder av flera personer. → Granska och rensa mappen.;0.409;4;;43%;;ok(3);;0.3658;;0.6858;0;;"Få träningsbilder (4 st); Hög varians – troligen blandade identiteter i mappen";
148;Crystal Frost;Blondie Blow;Hög varians i Crystal Frost tyder på blandade identiteter. → Granska bilderna i mappen och flytta felplacerade bilder till rätt person. | Crystal Frost har 90% misslyckade bilder – byt ut lågkvalitetsbilder mot bättre. | Blondie Blow har 70% misslyckade bilder – byt ut lågkvalitetsbilder mot bättre.;0.409;5;15;90%;70%;"no_faces(22); high_yaw(15); low_focus(7)";"high_yaw(21); no_faces(9); low_focus(4)";0.3041;0.2047;0.6803;0;1;"Få träningsbilder (5 st); Hög varians – troligen blandade identiteter i mappen; Ömsesidig förväxling med Blondie Blow (avstånd 0.680); Hög andel misslyckade bilder (90%)";"Medelhög varians – möjligen blandade bilder; Ömsesidig förväxling med Crystal Frost (avstånd 0.680); Hög andel misslyckade bilder (70%); 1 outlier-embedding(s)"
149;Isabeli Fontana;;Hög varians tyder på att mappen innehåller bilder av flera personer. → Granska och rensa mappen. | 67% av bilderna misslyckades. → Byt ut dåliga bilder mot tydligare ansiktsfoton.;0.408;4;;67%;;high_yaw(8);;0.3162;;0.7025;0;;"Få träningsbilder (4 st); Hög varians – troligen blandade identiteter i mappen; Hög andel misslyckade bilder (67%)";
150;Cordelia Ahe;;57% av bilderna misslyckades. → Byt ut dåliga bilder mot tydligare ansiktsfoton.;0.408;6;;57%;;"high_pitch(3); low_focus(3); high_yaw(2)";;0.2901;;0.6520;1;;"Få träningsbilder (6 st); Medelhög varians – möjligen blandade bilder; Hög andel misslyckade bilder (57%); 1 outlier-embedding(s)";
151;Aprilia B Valeria;;Bara 3 träningsbild(er). → Samla fler bilder för att förbättra igenkänningen. | Hög varians tyder på att mappen innehåller bilder av flera personer. → Granska och rensa mappen.;0.407;3;;50%;;"high_yaw(2); high_pitch(1)";;0.3148;;0.6955;0;;"Mycket få träningsbilder (3 st); Hög varians – troligen blandade identiteter i mappen";
152;Giada Suicide;Jordan Perry;Hög varians i Giada Suicide och Jordan Perry tyder på blandade identiteter. → Granska bilderna i dessa mappar och flytta felplacerade bilder till rätt person.;0.407;10;18;50%;33%;high_yaw(10);high_yaw(9);0.3865;0.3787;0.5282;1;0;"Hög varians – troligen blandade identiteter i mappen; Ömsesidig förväxling med Jordan Perry (avstånd 0.528); 1 outlier-embedding(s)";"Hög varians – troligen blandade identiteter i mappen; Ömsesidig förväxling med Giada Suicide (avstånd 0.528)"
153;Alexis Andrews;;86% av bilderna misslyckades. → Byt ut dåliga bilder mot tydligare ansiktsfoton.;0.406;7;;86%;;"no_faces(24); high_yaw(17); low_focus(2)";;0.2788;;0.6699;1;;"Få träningsbilder (7 st); Medelhög varians – möjligen blandade bilder; Hög andel misslyckade bilder (86%); 1 outlier-embedding(s)";
154;Yuu Haruka;Airi Ai;Personerna har liknande ansiktsdrag (avstånd 0.485). → Kontrollera att bilderna ligger i rätt mappar. Överväg att lägga till fler distinkta bilder. | Yuu Haruka har 88% misslyckade bilder – byt ut lågkvalitetsbilder mot bättre.;0.406;6;25;88%;50%;"no_faces(17); low_focus(13); high_yaw(12)";"high_yaw(12); no_faces(6); high_pitch(4)";0.1857;0.1928;0.4846;0;2;"Få träningsbilder (6 st); Ömsesidig förväxling med Airi Ai (avstånd 0.485); Hög andel misslyckade bilder (88%)";"Ömsesidig förväxling med Yuu Haruka (avstånd 0.485); 2 outlier-embedding(s)"
155;Cherry Stone;Vanda Mey;Personerna har liknande ansiktsdrag (avstånd 0.605). → Kontrollera att bilderna ligger i rätt mappar. Överväg att lägga till fler distinkta bilder. | Cherry Stone har 88% misslyckade bilder – byt ut lågkvalitetsbilder mot bättre.;0.405;6;25;88%;50%;"no_faces(22); high_yaw(12); low_focus(9)";"no_faces(8); low_focus(6); high_pitch(6)";0.2239;0.1379;0.6047;1;1;"Få träningsbilder (6 st); Medelhög varians – möjligen blandade bilder; Ömsesidig förväxling med Vanda Mey (avstånd 0.605); Hög andel misslyckade bilder (88%); 1 outlier-embedding(s)";"Ömsesidig förväxling med Cherry Stone (avstånd 0.605); 1 outlier-embedding(s)"
156;Robin Lee;;Bara 3 träningsbild(er). → Samla fler bilder för att förbättra igenkänningen. | Hög varians tyder på att mappen innehåller bilder av flera personer. → Granska och rensa mappen.;0.405;3;;50%;;"high_yaw(2); high_pitch(1)";;0.3102;;0.6617;0;;"Mycket få träningsbilder (3 st); Hög varians – troligen blandade identiteter i mappen";
157;Akina Hara;Hina Aisawa;Hög varians i Akina Hara tyder på blandade identiteter. → Granska bilderna i mappen och flytta felplacerade bilder till rätt person. | Akina Hara har 92% misslyckade bilder – byt ut lågkvalitetsbilder mot bättre. | Hina Aisawa har 78% misslyckade bilder – byt ut lågkvalitetsbilder mot bättre.;0.405;4;9;92%;78%;"no_faces(19); high_yaw(16); low_focus(6)";"high_yaw(16); no_faces(11); low_focus(4)";0.2592;0.2246;0.6392;0;0;"Få träningsbilder (4 st); Medelhög varians – möjligen blandade bilder; Ömsesidig förväxling med Hina Aisawa (avstånd 0.639); Hög andel misslyckade bilder (92%)";"Medelhög varians – möjligen blandade bilder; Ömsesidig förväxling med Akina Hara (avstånd 0.639); Hög andel misslyckade bilder (78%)"
158;Junko Hayama;Rino Mizusawa;Hög varians i Rino Mizusawa tyder på blandade identiteter. → Granska bilderna i mappen och flytta felplacerade bilder till rätt person. | Junko Hayama har 75% misslyckade bilder – byt ut lågkvalitetsbilder mot bättre. | Rino Mizusawa har 60% misslyckade bilder – byt ut lågkvalitetsbilder mot bättre. | Junko Hayama har bara 2 bilder – samla fler träningsbilder.;0.405;2;20;75%;60%;"no_faces(2); low_focus(2); high_pitch(1)";"high_yaw(19); low_focus(7); no_faces(4)";0.1947;0.2625;0.5759;0;1;"Mycket få träningsbilder (2 st); Ömsesidig förväxling med Rino Mizusawa (avstånd 0.576); Hög andel misslyckade bilder (75%)";"Medelhög varians – möjligen blandade bilder; Ömsesidig förväxling med Junko Hayama (avstånd 0.576); Hög andel misslyckade bilder (60%); 1 outlier-embedding(s)"
159;Simona Krainova;;Hög varians tyder på att mappen innehåller bilder av flera personer. → Granska och rensa mappen.;0.404;5;;17%;;ok(1);;0.4421;;0.7632;0;;"Få träningsbilder (5 st); Hög varians – troligen blandade identiteter i mappen";
160;Yuu Mizuki;Chloe Fujisaki;Hög varians i Yuu Mizuki tyder på blandade identiteter. → Granska bilderna i mappen och flytta felplacerade bilder till rätt person. | Yuu Mizuki har 86% misslyckade bilder – byt ut lågkvalitetsbilder mot bättre. | Chloe Fujisaki har 58% misslyckade bilder – byt ut lågkvalitetsbilder mot bättre.;0.404;7;5;86%;58%;"no_faces(20); high_yaw(15); low_focus(7)";"high_yaw(5); low_focus(1); high_pitch(1)";0.2505;0.2480;0.5814;1;0;"Få träningsbilder (7 st); Medelhög varians – möjligen blandade bilder; Ömsesidig förväxling med Chloe Fujisaki (avstånd 0.581); Hög andel misslyckade bilder (86%); 1 outlier-embedding(s)";"Få träningsbilder (5 st); Medelhög varians – möjligen blandade bilder; Ömsesidig förväxling med Yuu Mizuki (avstånd 0.581); Hög andel misslyckade bilder (58%)"
161;Jasminne Jem;;Bara 3 träningsbild(er). → Samla fler bilder för att förbättra igenkänningen. | Hög varians tyder på att mappen innehåller bilder av flera personer. → Granska och rensa mappen.;0.404;3;;50%;;"high_pitch(2); high_yaw(1)";;0.3079;;0.6490;0;;"Mycket få träningsbilder (3 st); Hög varians – troligen blandade identiteter i mappen";
162;Sophia Lucille;;Hög varians tyder på att mappen innehåller bilder av flera personer. → Granska och rensa mappen.;0.404;6;;40%;;high_yaw(4);;0.3166;;0.7063;1;;"Få träningsbilder (6 st); Hög varians – troligen blandade identiteter i mappen; 1 outlier-embedding(s)";
163;Gerda Ice;;Bara 2 träningsbild(er). → Samla fler bilder för att förbättra igenkänningen. | 71% av bilderna misslyckades. → Byt ut dåliga bilder mot tydligare ansiktsfoton.;0.404;2;;71%;;"no_faces(2); low_focus(2); high_pitch(1)";;0.2313;;0.7679;0;;"Mycket få träningsbilder (2 st); Medelhög varians – möjligen blandade bilder; Hög andel misslyckade bilder (71%)";
164;Falicha Karr;Brittany Avalon;Hög varians i Falicha Karr tyder på blandade identiteter. → Granska bilderna i mappen och flytta felplacerade bilder till rätt person. | Falicha Karr har 88% misslyckade bilder – byt ut lågkvalitetsbilder mot bättre. | Brittany Avalon har 92% misslyckade bilder – byt ut lågkvalitetsbilder mot bättre.;0.404;5;4;88%;92%;"no_faces(20); high_yaw(13); low_focus(2)";"no_faces(22); high_yaw(18); low_focus(5)";0.2987;0.1802;0.6595;0;0;"Få träningsbilder (5 st); Medelhög varians – möjligen blandade bilder; Ömsesidig förväxling med Brittany Avalon (avstånd 0.660); Hög andel misslyckade bilder (88%)";"Få träningsbilder (4 st); Ömsesidig förväxling med Falicha Karr (avstånd 0.660); Hög andel misslyckade bilder (92%)"
165;Cassie Bender;;Bara 3 träningsbild(er). → Samla fler bilder för att förbättra igenkänningen. | 80% av bilderna misslyckades. → Byt ut dåliga bilder mot tydligare ansiktsfoton.;0.403;3;;80%;;"no_faces(6); high_yaw(3); low_focus(2)";;0.2467;;0.7825;0;;"Mycket få träningsbilder (3 st); Medelhög varians – möjligen blandade bilder; Hög andel misslyckade bilder (80%)";
166;Debbie Kruck;;Bara 3 träningsbild(er). → Samla fler bilder för att förbättra igenkänningen. | 57% av bilderna misslyckades. → Byt ut dåliga bilder mot tydligare ansiktsfoton.;0.403;3;;57%;;high_yaw(4);;0.2924;;0.6771;0;;"Mycket få träningsbilder (3 st); Medelhög varians – möjligen blandade bilder; Hög andel misslyckade bilder (57%)";
167;Rumika Powers;Yukina Momose;Hög varians i Rumika Powers tyder på blandade identiteter. → Granska bilderna i mappen och flytta felplacerade bilder till rätt person. | Yukina Momose har 72% misslyckade bilder – byt ut lågkvalitetsbilder mot bättre.;0.403;7;14;36%;72%;"high_yaw(3); low_focus(1)";"high_yaw(20); low_focus(8); no_faces(6)";0.4493;0.2074;0.5862;0;1;"Få träningsbilder (7 st); Hög varians – troligen blandade identiteter i mappen; Ömsesidig förväxling med Yukina Momose (avstånd 0.586)";"Medelhög varians – möjligen blandade bilder; Ömsesidig förväxling med Rumika Powers (avstånd 0.586); Hög andel misslyckade bilder (72%); 1 outlier-embedding(s)"
168;Dolores Haze;;90% av bilderna misslyckades. → Byt ut dåliga bilder mot tydligare ansiktsfoton.;0.403;5;;90%;;"high_yaw(23); no_faces(21); high_pitch(1)";;0.2929;;0.7261;0;;"Få träningsbilder (5 st); Medelhög varians – möjligen blandade bilder; Hög andel misslyckade bilder (90%)";
169;Yuka Hata;Anna Morisaki;Hög varians i Yuka Hata tyder på blandade identiteter. → Granska bilderna i mappen och flytta felplacerade bilder till rätt person. | Yuka Hata har 80% misslyckade bilder – byt ut lågkvalitetsbilder mot bättre. | Anna Morisaki har 94% misslyckade bilder – byt ut lågkvalitetsbilder mot bättre. | Anna Morisaki har bara 3 bilder – samla fler träningsbilder.;0.403;10;3;80%;94%;"high_yaw(20); no_faces(16); low_focus(3)";"low_focus(26); high_yaw(14); no_faces(6)";0.3589;0.1360;0.5593;1;0;"Hög varians – troligen blandade identiteter i mappen; Ömsesidig förväxling med Anna Morisaki (avstånd 0.559); Hög andel misslyckade bilder (80%); 1 outlier-embedding(s)";"Mycket få träningsbilder (3 st); Ömsesidig förväxling med Yuka Hata (avstånd 0.559); Hög andel misslyckade bilder (94%)"
170;Beti Hana;Rui Akiyama;Hög varians i Rui Akiyama tyder på blandade identiteter. → Granska bilderna i mappen och flytta felplacerade bilder till rätt person. | Beti Hana har 71% misslyckade bilder – byt ut lågkvalitetsbilder mot bättre. | Rui Akiyama har 74% misslyckade bilder – byt ut lågkvalitetsbilder mot bättre.;0.403;6;13;71%;74%;"high_yaw(14); high_pitch(1)";"high_yaw(22); no_faces(7); low_focus(4)";0.1504;0.2764;0.5224;1;1;"Få träningsbilder (6 st); Ömsesidig förväxling med Rui Akiyama (avstånd 0.522); Hög andel misslyckade bilder (71%); 1 outlier-embedding(s)";"Medelhög varians – möjligen blandade bilder; Ömsesidig förväxling med Beti Hana (avstånd 0.522); Hög andel misslyckade bilder (74%); 1 outlier-embedding(s)"
171;Sylvy Sinclair;;Bara 3 träningsbild(er). → Samla fler bilder för att förbättra igenkänningen. | 95% av bilderna misslyckades. → Byt ut dåliga bilder mot tydligare ansiktsfoton.;0.401;3;;95%;;"no_faces(29); low_focus(24); high_yaw(10)";;0.2120;;0.6914;0;;"Mycket få träningsbilder (3 st); Medelhög varians – möjligen blandade bilder; Hög andel misslyckade bilder (95%)";
172;Taylor Kennedy;;Hög varians tyder på att mappen innehåller bilder av flera personer. → Granska och rensa mappen. | 58% av bilderna misslyckades. → Byt ut dåliga bilder mot tydligare ansiktsfoton.;0.401;5;;58%;;"high_yaw(6); high_pitch(1)";;0.3524;;0.6763;0;;"Få träningsbilder (5 st); Hög varians – troligen blandade identiteter i mappen; Hög andel misslyckade bilder (58%)";
173;Simona B Siera;Rosett;Hög varians i Simona B Siera tyder på blandade identiteter. → Granska bilderna i mappen och flytta felplacerade bilder till rätt person. | Rosett har 58% misslyckade bilder – byt ut lågkvalitetsbilder mot bättre.;0.401;7;21;50%;58%;"high_yaw(5); high_pitch(1); low_focus(1)";"no_faces(15); high_pitch(9); low_focus(3)";0.4356;0.1250;0.6303;0;1;"Få träningsbilder (7 st); Hög varians – troligen blandade identiteter i mappen; Ömsesidig förväxling med Rosett (avstånd 0.630)";"Ömsesidig förväxling med Simona B Siera (avstånd 0.630); Hög andel misslyckade bilder (58%); 1 outlier-embedding(s)"
174;Merilyn Sakova;Merilyn Sekova;Namnen är nästan identiska – troligen samma person. → MERGE: Slå ihop 'Merilyn Sakova' och 'Merilyn Sekova' i merge.txt. | Merilyn Sakova har bara 2 bilder – samla fler träningsbilder.;0.401;2;40;34%;0%;"high_yaw(13); no_faces(6); low_focus(1)";;0.2245;0.2961;0.5421;0;1;"Mycket få träningsbilder (2 st); Medelhög varians – möjligen blandade bilder; Ömsesidig förväxling med Merilyn Sekova (avstånd 0.542)";"Medelhög varians – möjligen blandade bilder; Ömsesidig förväxling med Merilyn Sakova (avstånd 0.542); 1 outlier-embedding(s)"
175;Seiko Ida;;Bara 2 träningsbild(er). → Samla fler bilder för att förbättra igenkänningen. | 87% av bilderna misslyckades. → Byt ut dåliga bilder mot tydligare ansiktsfoton.;0.400;2;;87%;;ok(13);;0.1943;;0.6888;0;;"Mycket få träningsbilder (2 st); Hög andel misslyckade bilder (87%)";
176;Deziree Monroe;;Hög varians tyder på att mappen innehåller bilder av flera personer. → Granska och rensa mappen.;0.400;6;;25%;;"high_yaw(1); high_pitch(1)";;0.4494;;0.6729;0;;"Få träningsbilder (6 st); Hög varians – troligen blandade identiteter i mappen";
177;Emma Kate Dawson;;Bara 3 träningsbild(er). → Samla fler bilder för att förbättra igenkänningen. | 79% av bilderna misslyckades. → Byt ut dåliga bilder mot tydligare ansiktsfoton.;0.399;3;;79%;;"high_yaw(10); high_pitch(1)";;0.2411;;0.6313;0;;"Mycket få träningsbilder (3 st); Medelhög varians – möjligen blandade bilder; Hög andel misslyckade bilder (79%)";
178;Chicky Clarissa;;80% av bilderna misslyckades. → Byt ut dåliga bilder mot tydligare ansiktsfoton.;0.399;4;;80%;;"no_faces(11); low_focus(2); high_yaw(2)";;0.2713;;0.6986;0;;"Få träningsbilder (4 st); Medelhög varians – möjligen blandade bilder; Hög andel misslyckade bilder (80%)";
179;Venus Cuellar;Venus Rosales;Hög varians i Venus Cuellar tyder på blandade identiteter. → Granska bilderna i mappen och flytta felplacerade bilder till rätt person. | Venus Cuellar har 86% misslyckade bilder – byt ut lågkvalitetsbilder mot bättre. | Venus Rosales har 56% misslyckade bilder – byt ut lågkvalitetsbilder mot bättre.;0.399;18;22;86%;56%;"no_faces(21); low_focus(12); high_yaw(10)";"no_faces(15); high_yaw(8); low_focus(3)";0.4185;0.1965;0.4404;0;2;"Hög varians – troligen blandade identiteter i mappen; Ömsesidig förväxling med Venus Rosales (avstånd 0.440); Hög andel misslyckade bilder (86%)";"Ömsesidig förväxling med Venus Cuellar (avstånd 0.440); Hög andel misslyckade bilder (56%); 2 outlier-embedding(s)"
180;Inga Lis;;Hög varians tyder på att mappen innehåller bilder av flera personer. → Granska och rensa mappen.;0.398;5;;38%;;"low_focus(2); high_yaw(1)";;0.3885;;0.6718;0;;"Få träningsbilder (5 st); Hög varians – troligen blandade identiteter i mappen";
181;Aiko Endou;;Bara 2 träningsbild(er). → Samla fler bilder för att förbättra igenkänningen. | 96% av bilderna misslyckades. → Byt ut dåliga bilder mot tydligare ansiktsfoton.;0.398;2;;96%;;"high_yaw(26); no_faces(12); low_focus(8)";;0.1712;;0.6263;0;;"Mycket få träningsbilder (2 st); Hög andel misslyckade bilder (96%)";
182;Soraya Carioca;Erika Martinelli;Hög varians i Soraya Carioca tyder på blandade identiteter. → Granska bilderna i mappen och flytta felplacerade bilder till rätt person. | Soraya Carioca har 77% misslyckade bilder – byt ut lågkvalitetsbilder mot bättre.;0.397;7;15;77%;50%;"high_yaw(15); no_faces(6); high_pitch(1)";high_yaw(15);0.2787;0.1865;0.6350;1;1;"Få träningsbilder (7 st); Medelhög varians – möjligen blandade bilder; Ömsesidig förväxling med Erika Martinelli (avstånd 0.635); Hög andel misslyckade bilder (77%); 1 outlier-embedding(s)";"Ömsesidig förväxling med Soraya Carioca (avstånd 0.635); 1 outlier-embedding(s)"
183;Tyler Houston;;Hög varians tyder på att mappen innehåller bilder av flera personer. → Granska och rensa mappen. | 86% av bilderna misslyckades. → Byt ut dåliga bilder mot tydligare ansiktsfoton.;0.397;6;;86%;;"high_yaw(21); no_faces(11); low_focus(4)";;0.3224;;0.7037;0;;"Få träningsbilder (6 st); Hög varians – troligen blandade identiteter i mappen; Hög andel misslyckade bilder (86%)";
184;Carol Vega;;Bara 3 träningsbild(er). → Samla fler bilder för att förbättra igenkänningen. | 91% av bilderna misslyckades. → Byt ut dåliga bilder mot tydligare ansiktsfoton.;0.396;3;;91%;;"high_yaw(27); no_faces(2); low_focus(2)";;0.2099;;0.6942;0;;"Mycket få träningsbilder (3 st); Medelhög varians – möjligen blandade bilder; Hög andel misslyckade bilder (91%)";
185;Tina Chanel;Marica Chanelle;Hög varians i Tina Chanel tyder på blandade identiteter. → Granska bilderna i mappen och flytta felplacerade bilder till rätt person. | Marica Chanelle har 68% misslyckade bilder – byt ut lågkvalitetsbilder mot bättre.;0.396;4;16;20%;68%;high_pitch(1);"high_yaw(26); high_pitch(5); low_focus(2)";0.3848;0.1987;0.6408;0;1;"Få träningsbilder (4 st); Hög varians – troligen blandade identiteter i mappen; Ömsesidig förväxling med Marica Chanelle (avstånd 0.641)";"Ömsesidig förväxling med Tina Chanel (avstånd 0.641); Hög andel misslyckade bilder (68%); 1 outlier-embedding(s)"
186;Savanna Starr;;Bara 2 träningsbild(er). → Samla fler bilder för att förbättra igenkänningen. | 78% av bilderna misslyckades. → Byt ut dåliga bilder mot tydligare ansiktsfoton.;0.395;2;;78%;;high_yaw(7);;0.2017;;0.7284;0;;"Mycket få träningsbilder (2 st); Medelhög varians – möjligen blandade bilder; Hög andel misslyckade bilder (78%)";
187;Tiara Bell;Cora Carina;Hög varians i Tiara Bell och Cora Carina tyder på blandade identiteter. → Granska bilderna i dessa mappar och flytta felplacerade bilder till rätt person. | Cora Carina har 74% misslyckade bilder – byt ut lågkvalitetsbilder mot bättre.;0.395;7;13;36%;74%;high_yaw(4);"high_yaw(17); no_faces(14); high_pitch(4)";0.3547;0.2970;0.6078;1;0;"Få träningsbilder (7 st); Hög varians – troligen blandade identiteter i mappen; Ömsesidig förväxling med Cora Carina (avstånd 0.608); 1 outlier-embedding(s)";"Medelhög varians – möjligen blandade bilder; Ömsesidig förväxling med Tiara Bell (avstånd 0.608); Hög andel misslyckade bilder (74%)"
188;Stacy Burke;;90% av bilderna misslyckades. → Byt ut dåliga bilder mot tydligare ansiktsfoton.;0.394;4;;90%;;"no_faces(18); high_yaw(16); low_focus(2)";;0.2409;;0.6930;0;;"Få träningsbilder (4 st); Medelhög varians – möjligen blandade bilder; Hög andel misslyckade bilder (90%)";
189;Amber Sym;;Hög varians tyder på att mappen innehåller bilder av flera personer. → Granska och rensa mappen. | 86% av bilderna misslyckades. → Byt ut dåliga bilder mot tydligare ansiktsfoton.;0.394;7;;86%;;"no_faces(21); high_yaw(13); high_pitch(5)";;0.3483;;0.6613;0;;"Få träningsbilder (7 st); Hög varians – troligen blandade identiteter i mappen; Hög andel misslyckade bilder (86%)";
190;Sarah Vixen;;Bara 3 träningsbild(er). → Samla fler bilder för att förbättra igenkänningen. | 88% av bilderna misslyckades. → Byt ut dåliga bilder mot tydligare ansiktsfoton.;0.393;3;;88%;;"high_yaw(11); no_faces(9); high_pitch(1)";;0.2119;;0.7189;0;;"Mycket få träningsbilder (3 st); Medelhög varians – möjligen blandade bilder; Hög andel misslyckade bilder (88%)";
191;Disha Yudina;;Hög varians tyder på att mappen innehåller bilder av flera personer. → Granska och rensa mappen. | 64% av bilderna misslyckades. → Byt ut dåliga bilder mot tydligare ansiktsfoton.;0.393;8;;64%;;"high_yaw(8); no_faces(5); low_focus(1)";;0.3429;;0.6975;1;;"Hög varians – troligen blandade identiteter i mappen; Hög andel misslyckade bilder (64%); 1 outlier-embedding(s)";
192;Claudia LeNoir;;Bara 3 träningsbild(er). → Samla fler bilder för att förbättra igenkänningen. | 94% av bilderna misslyckades. → Byt ut dåliga bilder mot tydligare ansiktsfoton.;0.393;3;;94%;;"high_yaw(22); no_faces(19); low_focus(4)";;0.1984;;0.7384;0;;"Mycket få träningsbilder (3 st); Hög andel misslyckade bilder (94%)";
193;Charli Chavez;;Hög varians tyder på att mappen innehåller bilder av flera personer. → Granska och rensa mappen. | 84% av bilderna misslyckades. → Byt ut dåliga bilder mot tydligare ansiktsfoton.;0.393;8;;84%;;"high_yaw(22); no_faces(10); low_focus(7)";;0.3008;;0.7334;1;;"Hög varians – troligen blandade identiteter i mappen; Hög andel misslyckade bilder (84%); 1 outlier-embedding(s)";
194;Alina Kabaeva;;69% av bilderna misslyckades. → Byt ut dåliga bilder mot tydligare ansiktsfoton.;0.393;4;;69%;;"high_yaw(8); low_focus(1)";;0.2802;;0.6541;0;;"Få träningsbilder (4 st); Medelhög varians – möjligen blandade bilder; Hög andel misslyckade bilder (69%)";
195;Alexsis Sweet;;Hög varians tyder på att mappen innehåller bilder av flera personer. → Granska och rensa mappen. | 76% av bilderna misslyckades. → Byt ut dåliga bilder mot tydligare ansiktsfoton.;0.393;12;;76%;;"no_faces(28); high_yaw(8); high_pitch(2)";;0.4777;;0.7027;1;;"Hög varians – troligen blandade identiteter i mappen; Hög andel misslyckade bilder (76%); 1 outlier-embedding(s)";
196;Aliya Johnson;Daniella Bella;Hög varians i Aliya Johnson tyder på blandade identiteter. → Granska bilderna i mappen och flytta felplacerade bilder till rätt person. | Aliya Johnson har 77% misslyckade bilder – byt ut lågkvalitetsbilder mot bättre. | Daniella Bella har 72% misslyckade bilder – byt ut lågkvalitetsbilder mot bättre.;0.392;7;14;77%;72%;"high_yaw(16); low_focus(5); no_faces(2)";"high_yaw(18); no_faces(15); low_focus(2)";0.2682;0.1430;0.6570;1;0;"Få träningsbilder (7 st); Medelhög varians – möjligen blandade bilder; Ömsesidig förväxling med Daniella Bella (avstånd 0.657); Hög andel misslyckade bilder (77%); 1 outlier-embedding(s)";"Ömsesidig förväxling med Aliya Johnson (avstånd 0.657); Hög andel misslyckade bilder (72%)"
197;Chloe Toy;;86% av bilderna misslyckades. → Byt ut dåliga bilder mot tydligare ansiktsfoton.;0.392;4;;86%;;"high_yaw(17); high_pitch(7)";;0.2465;;0.6617;0;;"Få träningsbilder (4 st); Medelhög varians – möjligen blandade bilder; Hög andel misslyckade bilder (86%)";
198;Amy Black;;Hög varians tyder på att mappen innehåller bilder av flera personer. → Granska och rensa mappen. | 68% av bilderna misslyckades. → Byt ut dåliga bilder mot tydligare ansiktsfoton.;0.392;6;;68%;;"high_pitch(7); high_yaw(4); no_faces(1)";;0.3466;;0.6489;0;;"Få träningsbilder (6 st); Hög varians – troligen blandade identiteter i mappen; Hög andel misslyckade bilder (68%)";
199;Summer A Leana;;Hög varians tyder på att mappen innehåller bilder av flera personer. → Granska och rensa mappen.;0.392;5;;38%;;"high_pitch(2); high_yaw(1)";;0.3748;;0.6636;0;;"Få träningsbilder (5 st); Hög varians – troligen blandade identiteter i mappen";
200;Elita Moore;;Hög varians tyder på att mappen innehåller bilder av flera personer. → Granska och rensa mappen.;0.391;6;;50%;;"high_yaw(5); low_focus(1)";;0.3822;;0.6587;0;;"Få träningsbilder (6 st); Hög varians – troligen blandade identiteter i mappen";
201;Vanessa Stalin;;Bara 3 träningsbild(er). → Samla fler bilder för att förbättra igenkänningen. | 94% av bilderna misslyckades. → Byt ut dåliga bilder mot tydligare ansiktsfoton.;0.391;3;;94%;;"no_faces(27); high_yaw(16); low_focus(4)";;0.1938;;0.6850;0;;"Mycket få träningsbilder (3 st); Hög andel misslyckade bilder (94%)";
202;January Seraph;;76% av bilderna misslyckades. → Byt ut dåliga bilder mot tydligare ansiktsfoton.;0.391;5;;76%;;"no_faces(10); high_yaw(5); low_focus(1)";;0.2958;;0.6648;0;;"Få träningsbilder (5 st); Medelhög varians – möjligen blandade bilder; Hög andel misslyckade bilder (76%)";
203;Aurora Lopez;;78% av bilderna misslyckades. → Byt ut dåliga bilder mot tydligare ansiktsfoton.;0.391;7;;78%;;"high_yaw(17); no_faces(4); high_pitch(3)";;0.2633;;0.6468;1;;"Få träningsbilder (7 st); Medelhög varians – möjligen blandade bilder; Hög andel misslyckade bilder (78%); 1 outlier-embedding(s)";
204;Lindsey Pelas;;Bara 2 träningsbild(er). → Samla fler bilder för att förbättra igenkänningen. | 75% av bilderna misslyckades. → Byt ut dåliga bilder mot tydligare ansiktsfoton.;0.391;2;;75%;;"high_yaw(5); high_pitch(1)";;0.1978;;0.6009;0;;"Mycket få träningsbilder (2 st); Hög andel misslyckade bilder (75%)";
205;Nimue;;Hög varians tyder på att mappen innehåller bilder av flera personer. → Granska och rensa mappen. | 76% av bilderna misslyckades. → Byt ut dåliga bilder mot tydligare ansiktsfoton.;0.390;10;;76%;;"high_yaw(18); no_faces(12); low_focus(1)";;0.4619;;0.7436;0;;"Hög varians – troligen blandade identiteter i mappen; Hög andel misslyckade bilder (76%)";
206;Heather Joy;Amber Rouge;Hög varians i Heather Joy tyder på blandade identiteter. → Granska bilderna i mappen och flytta felplacerade bilder till rätt person. | Heather Joy har 84% misslyckade bilder – byt ut lågkvalitetsbilder mot bättre. | Amber Rouge har 79% misslyckade bilder – byt ut lågkvalitetsbilder mot bättre.;0.390;8;9;84%;79%;"high_yaw(33); no_faces(5); low_focus(4)";"high_yaw(13); no_faces(12); low_focus(7)";0.2720;0.1928;0.5817;1;1;"Medelhög varians – möjligen blandade bilder; Ömsesidig förväxling med Amber Rouge (avstånd 0.582); Hög andel misslyckade bilder (84%); 1 outlier-embedding(s)";"Ömsesidig förväxling med Heather Joy (avstånd 0.582); Hög andel misslyckade bilder (79%); 1 outlier-embedding(s)"
207;Jennet Vee;;Bara 2 träningsbild(er). → Samla fler bilder för att förbättra igenkänningen. | 97% av bilderna misslyckades. → Byt ut dåliga bilder mot tydligare ansiktsfoton.;0.390;2;;97%;;"high_yaw(23); no_faces(18); low_focus(10)";;0.1536;;0.6889;0;;"Mycket få träningsbilder (2 st); Hög andel misslyckade bilder (97%)";
208;Hikaru Ayami;Hime Kamiya;Personerna har liknande ansiktsdrag (avstånd 0.588). → Kontrollera att bilderna ligger i rätt mappar. Överväg att lägga till fler distinkta bilder. | Hikaru Ayami har 75% misslyckade bilder – byt ut lågkvalitetsbilder mot bättre. | Hikaru Ayami har bara 3 bilder – samla fler träningsbilder.;0.390;3;25;75%;50%;"low_focus(4); high_yaw(4); no_faces(1)";"no_faces(13); high_yaw(6); low_focus(4)";0.2147;0.2189;0.5883;0;2;"Mycket få träningsbilder (3 st); Medelhög varians – möjligen blandade bilder; Ömsesidig förväxling med Hime Kamiya (avstånd 0.588); Hög andel misslyckade bilder (75%)";"Medelhög varians – möjligen blandade bilder; Ömsesidig förväxling med Hikaru Ayami (avstånd 0.588); 2 outlier-embedding(s)"
209;Shayna Ryan;;67% av bilderna misslyckades. → Byt ut dåliga bilder mot tydligare ansiktsfoton.;0.389;4;;67%;;high_yaw(8);;0.2788;;0.6359;0;;"Få träningsbilder (4 st); Medelhög varians – möjligen blandade bilder; Hög andel misslyckade bilder (67%)";
210;Chrissy Sparks;;60% av bilderna misslyckades. → Byt ut dåliga bilder mot tydligare ansiktsfoton.;0.389;4;;60%;;high_yaw(6);;0.2920;;0.6610;0;;"Få träningsbilder (4 st); Medelhög varians – möjligen blandade bilder; Hög andel misslyckade bilder (60%)";
211;Riku Hinano;;86% av bilderna misslyckades. → Byt ut dåliga bilder mot tydligare ansiktsfoton.;0.389;7;;86%;;"high_yaw(14); no_faces(14); low_focus(13)";;0.2232;;0.5788;1;;"Få träningsbilder (7 st); Medelhög varians – möjligen blandade bilder; Hög andel misslyckade bilder (86%); 1 outlier-embedding(s)";
212;Angelica Bright;;71% av bilderna misslyckades. → Byt ut dåliga bilder mot tydligare ansiktsfoton.;0.389;4;;71%;;"high_yaw(7); no_faces(2); low_focus(1)";;0.2345;;0.5660;0;;"Få träningsbilder (4 st); Medelhög varians – möjligen blandade bilder; Hög andel misslyckade bilder (71%)";
213;Justyna;;Hög varians tyder på att mappen innehåller bilder av flera personer. → Granska och rensa mappen. | 65% av bilderna misslyckades. → Byt ut dåliga bilder mot tydligare ansiktsfoton.;0.389;9;;65%;;"high_yaw(7); no_faces(7); low_focus(2)";;0.3732;;0.6873;1;;"Hög varians – troligen blandade identiteter i mappen; Hög andel misslyckade bilder (65%); 1 outlier-embedding(s)";
214;Ruhime Maiori;;Bara 2 träningsbild(er). → Samla fler bilder för att förbättra igenkänningen. | 96% av bilderna misslyckades. → Byt ut dåliga bilder mot tydligare ansiktsfoton.;0.389;2;;96%;;"low_focus(22); no_faces(18); high_yaw(8)";;0.1501;;0.5974;0;;"Mycket få träningsbilder (2 st); Hög andel misslyckade bilder (96%)";
215;Savannah Heart;;83% av bilderna misslyckades. → Byt ut dåliga bilder mot tydligare ansiktsfoton.;0.389;4;;83%;;"high_yaw(15); no_faces(5)";;0.2442;;0.6727;0;;"Få träningsbilder (4 st); Medelhög varians – möjligen blandade bilder; Hög andel misslyckade bilder (83%)";
216;Devin Devasquez;;Hög varians tyder på att mappen innehåller bilder av flera personer. → Granska och rensa mappen.;0.388;5;;50%;;"high_yaw(3); low_focus(1); high_pitch(1)";;0.3436;;0.6444;0;;"Få träningsbilder (5 st); Hög varians – troligen blandade identiteter i mappen";
217;Yesica Toscanini;;80% av bilderna misslyckades. → Byt ut dåliga bilder mot tydligare ansiktsfoton.;0.388;6;;80%;;ok(24);;0.2058;;0.7079;1;;"Få träningsbilder (6 st); Medelhög varians – möjligen blandade bilder; Hög andel misslyckade bilder (80%); 1 outlier-embedding(s)";
218;Freda Motten;;Bara 3 träningsbild(er). → Samla fler bilder för att förbättra igenkänningen. | 77% av bilderna misslyckades. → Byt ut dåliga bilder mot tydligare ansiktsfoton.;0.388;3;;77%;;"high_yaw(7); no_faces(2); high_pitch(1)";;0.2230;;0.7048;0;;"Mycket få träningsbilder (3 st); Medelhög varians – möjligen blandade bilder; Hög andel misslyckade bilder (77%)";
219;Chie Inamori;;83% av bilderna misslyckades. → Byt ut dåliga bilder mot tydligare ansiktsfoton.;0.388;4;;83%;;"no_faces(11); high_yaw(6); low_focus(3)";;0.2428;;0.6164;0;;"Få träningsbilder (4 st); Medelhög varians – möjligen blandade bilder; Hög andel misslyckade bilder (83%)";
220;Izzy Rider;;Hög varians tyder på att mappen innehåller bilder av flera personer. → Granska och rensa mappen. | 64% av bilderna misslyckades. → Byt ut dåliga bilder mot tydligare ansiktsfoton.;0.388;5;;64%;;ok(9);;0.3135;;0.6393;0;;"Få träningsbilder (5 st); Hög varians – troligen blandade identiteter i mappen; Hög andel misslyckade bilder (64%)";
221;Yuna Uchiyama;;86% av bilderna misslyckades. → Byt ut dåliga bilder mot tydligare ansiktsfoton.;0.387;7;;86%;;"no_faces(23); high_yaw(8); low_focus(8)";;0.2114;;0.5703;1;;"Få träningsbilder (7 st); Medelhög varians – möjligen blandade bilder; Hög andel misslyckade bilder (86%); 1 outlier-embedding(s)";
222;Yara A Birgid;;Hög varians tyder på att mappen innehåller bilder av flera personer. → Granska och rensa mappen.;0.387;5;;17%;;ok(1);;0.4082;;0.7322;0;;"Få träningsbilder (5 st); Hög varians – troligen blandade identiteter i mappen";
223;Goddess Starla;;Hög varians tyder på att mappen innehåller bilder av flera personer. → Granska och rensa mappen.;0.387;4;;50%;;"high_yaw(2); low_focus(1); high_pitch(1)";;0.3067;;0.6819;0;;"Få träningsbilder (4 st); Hög varians – troligen blandade identiteter i mappen";
224;Jakaliene Rivera;;Hög varians tyder på att mappen innehåller bilder av flera personer. → Granska och rensa mappen.;0.387;8;;20%;;high_yaw(2);;0.5148;;0.7008;0;;Hög varians – troligen blandade identiteter i mappen;
225;Banana Asada;Yumemi Tachibana;Personerna har liknande ansiktsdrag (avstånd 0.569). → Kontrollera att bilderna ligger i rätt mappar. Överväg att lägga till fler distinkta bilder. | Banana Asada har 89% misslyckade bilder – byt ut lågkvalitetsbilder mot bättre. | Yumemi Tachibana har 70% misslyckade bilder – byt ut lågkvalitetsbilder mot bättre. | Banana Asada har bara 2 bilder – samla fler träningsbilder.;0.387;2;15;89%;70%;"high_yaw(9); no_faces(4); low_focus(3)";"no_faces(24); high_yaw(9); high_pitch(1)";0.1222;0.2458;0.5694;0;1;"Mycket få träningsbilder (2 st); Ömsesidig förväxling med Yumemi Tachibana (avstånd 0.569); Hög andel misslyckade bilder (89%)";"Medelhög varians – möjligen blandade bilder; Ömsesidig förväxling med Banana Asada (avstånd 0.569); Hög andel misslyckade bilder (70%); 1 outlier-embedding(s)"
226;Fiona Apple;;Bara 3 träningsbild(er). → Samla fler bilder för att förbättra igenkänningen.;0.386;3;;50%;;high_yaw(3);;0.2725;;0.6725;0;;"Mycket få träningsbilder (3 st); Medelhög varians – möjligen blandade bilder";
227;Buruma Aoi;;Hög varians tyder på att mappen innehåller bilder av flera personer. → Granska och rensa mappen. | 86% av bilderna misslyckades. → Byt ut dåliga bilder mot tydligare ansiktsfoton.;0.386;7;;86%;;"high_yaw(21); no_faces(15); low_focus(6)";;0.3143;;0.5807;0;;"Få träningsbilder (7 st); Hög varians – troligen blandade identiteter i mappen; Hög andel misslyckade bilder (86%)";
228;Stacie Doll;;Hög varians tyder på att mappen innehåller bilder av flera personer. → Granska och rensa mappen. | 78% av bilderna misslyckades. → Byt ut dåliga bilder mot tydligare ansiktsfoton.;0.386;6;;78%;;"high_yaw(15); no_faces(3); low_focus(2)";;0.3165;;0.6887;0;;"Få träningsbilder (6 st); Hög varians – troligen blandade identiteter i mappen; Hög andel misslyckade bilder (78%)";
229;Eva Henger;;Hög varians tyder på att mappen innehåller bilder av flera personer. → Granska och rensa mappen.;0.386;6;;33%;;high_yaw(3);;0.4053;;0.7349;0;;"Få träningsbilder (6 st); Hög varians – troligen blandade identiteter i mappen";
230;Annie Mine;;67% av bilderna misslyckades. → Byt ut dåliga bilder mot tydligare ansiktsfoton.;0.386;4;;67%;;"high_yaw(7); low_focus(1)";;0.2719;;0.6574;0;;"Få träningsbilder (4 st); Medelhög varians – möjligen blandade bilder; Hög andel misslyckade bilder (67%)";
231;Cathi OMalley;;60% av bilderna misslyckades. → Byt ut dåliga bilder mot tydligare ansiktsfoton.;0.386;4;;60%;;"high_yaw(4); high_pitch(2)";;0.2850;;0.6314;0;;"Få träningsbilder (4 st); Medelhög varians – möjligen blandade bilder; Hög andel misslyckade bilder (60%)";
232;Sara Scott;;84% av bilderna misslyckades. → Byt ut dåliga bilder mot tydligare ansiktsfoton.;0.386;8;;84%;;"no_faces(27); high_yaw(12); low_focus(3)";;0.2869;;0.7106;1;;"Medelhög varians – möjligen blandade bilder; Hög andel misslyckade bilder (84%); 1 outlier-embedding(s)";
233;Isabell Cat;;67% av bilderna misslyckades. → Byt ut dåliga bilder mot tydligare ansiktsfoton.;0.386;4;;67%;;"high_yaw(4); no_faces(3); high_pitch(1)";;0.2714;;0.6034;0;;"Få träningsbilder (4 st); Medelhög varians – möjligen blandade bilder; Hög andel misslyckade bilder (67%)";
234;Suzy Sparks;;85% av bilderna misslyckades. → Byt ut dåliga bilder mot tydligare ansiktsfoton.;0.385;5;;85%;;"high_yaw(24); low_focus(3); multiple_faces(1)";;0.2676;;0.7031;0;;"Få träningsbilder (5 st); Medelhög varians – möjligen blandade bilder; Hög andel misslyckade bilder (85%)";
235;Hotaru Tsukasa;Hikari Hino;Personerna har liknande ansiktsdrag (avstånd 0.555). → Kontrollera att bilderna ligger i rätt mappar. Överväg att lägga till fler distinkta bilder. | Hotaru Tsukasa har 91% misslyckade bilder – byt ut lågkvalitetsbilder mot bättre. | Hikari Hino har 64% misslyckade bilder – byt ut lågkvalitetsbilder mot bättre. | Hotaru Tsukasa har bara 3 bilder – samla fler träningsbilder.;0.385;3;18;91%;64%;"high_yaw(14); low_focus(11); no_faces(3)";"no_faces(20); high_yaw(10); low_focus(2)";0.1301;0.2185;0.5549;0;1;"Mycket få träningsbilder (3 st); Ömsesidig förväxling med Hikari Hino (avstånd 0.555); Hög andel misslyckade bilder (91%)";"Medelhög varians – möjligen blandade bilder; Ömsesidig förväxling med Hotaru Tsukasa (avstånd 0.555); Hög andel misslyckade bilder (64%); 1 outlier-embedding(s)"
236;Bobbi Dean;;90% av bilderna misslyckades. → Byt ut dåliga bilder mot tydligare ansiktsfoton.;0.385;5;;90%;;"no_faces(24); high_yaw(20); low_focus(1)";;0.2564;;0.6191;0;;"Få träningsbilder (5 st); Medelhög varians – möjligen blandade bilder; Hög andel misslyckade bilder (90%)";
237;Anita Rinaldi;Brooke Paige;Personerna har liknande ansiktsdrag (avstånd 0.638). → Kontrollera att bilderna ligger i rätt mappar. Överväg att lägga till fler distinkta bilder. | Anita Rinaldi har 80% misslyckade bilder – byt ut lågkvalitetsbilder mot bättre. | Brooke Paige har 74% misslyckade bilder – byt ut lågkvalitetsbilder mot bättre. | Anita Rinaldi har bara 2 bilder – samla fler träningsbilder.;0.384;2;13;80%;74%;"high_yaw(7); high_pitch(1)";"high_yaw(33); low_focus(3); high_pitch(1)";0.1755;0.1990;0.6382;0;1;"Mycket få träningsbilder (2 st); Ömsesidig förväxling med Brooke Paige (avstånd 0.638); Hög andel misslyckade bilder (80%)";"Ömsesidig förväxling med Anita Rinaldi (avstånd 0.638); Hög andel misslyckade bilder (74%); 1 outlier-embedding(s)"
238;Alisa Summer;;90% av bilderna misslyckades. → Byt ut dåliga bilder mot tydligare ansiktsfoton.;0.384;7;;90%;;"high_yaw(53); low_focus(5); no_faces(2)";;0.2278;;0.6303;1;;"Få träningsbilder (7 st); Medelhög varians – möjligen blandade bilder; Hög andel misslyckade bilder (90%); 1 outlier-embedding(s)";
239;Cheryl Rixon;;Bara 2 träningsbild(er). → Samla fler bilder för att förbättra igenkänningen. | 96% av bilderna misslyckades. → Byt ut dåliga bilder mot tydligare ansiktsfoton.;0.384;2;;96%;;"high_yaw(22); low_focus(15); no_faces(11)";;0.1430;;0.6954;0;;"Mycket få träningsbilder (2 st); Hög andel misslyckade bilder (96%)";
240;Sisi Sinaloa;;Hög varians tyder på att mappen innehåller bilder av flera personer. → Granska och rensa mappen.;0.384;7;;36%;;"high_yaw(3); high_pitch(1)";;0.4284;;0.7137;0;;"Få träningsbilder (7 st); Hög varians – troligen blandade identiteter i mappen";
241;Sandra Romain;;88% av bilderna misslyckades. → Byt ut dåliga bilder mot tydligare ansiktsfoton.;0.384;6;;88%;;"high_yaw(21); no_faces(17); low_focus(5)";;0.1807;;0.6627;1;;"Få träningsbilder (6 st); Hög andel misslyckade bilder (88%); 1 outlier-embedding(s)";
242;Madisin Blaze;Maitresse Madeline Marlowe;Hög varians i Maitresse Madeline Marlowe tyder på blandade identiteter. → Granska bilderna i mappen och flytta felplacerade bilder till rätt person. | Madisin Blaze har 75% misslyckade bilder – byt ut lågkvalitetsbilder mot bättre. | Maitresse Madeline Marlowe har 76% misslyckade bilder – byt ut lågkvalitetsbilder mot bättre. | Madisin Blaze har bara 3 bilder – samla fler träningsbilder.;0.384;3;12;75%;76%;"high_yaw(7); high_pitch(1); low_focus(1)";"high_yaw(28); no_faces(4); low_focus(3)";0.2178;0.3271;0.6625;0;1;"Mycket få träningsbilder (3 st); Medelhög varians – möjligen blandade bilder; Ömsesidig förväxling med Maitresse Madeline Marlowe (avstånd 0.663); Hög andel misslyckade bilder (75%)";"Hög varians – troligen blandade identiteter i mappen; Ömsesidig förväxling med Madisin Blaze (avstånd 0.663); Hög andel misslyckade bilder (76%); 1 outlier-embedding(s)"
243;Kyra Rose;Scarlett Star;Hög varians i Scarlett Star tyder på blandade identiteter. → Granska bilderna i mappen och flytta felplacerade bilder till rätt person. | Kyra Rose har 92% misslyckade bilder – byt ut lågkvalitetsbilder mot bättre. | Scarlett Star har 60% misslyckade bilder – byt ut lågkvalitetsbilder mot bättre.;0.384;4;20;92%;60%;"high_yaw(22); no_faces(17); low_focus(5)";"low_focus(15); high_yaw(12); no_faces(2)";0.2168;0.2994;0.6030;0;1;"Få träningsbilder (4 st); Medelhög varians – möjligen blandade bilder; Ömsesidig förväxling med Scarlett Star (avstånd 0.603); Hög andel misslyckade bilder (92%)";"Medelhög varians – möjligen blandade bilder; Ömsesidig förväxling med Kyra Rose (avstånd 0.603); Hög andel misslyckade bilder (60%); 1 outlier-embedding(s)"
244;Yuri Etou;;88% av bilderna misslyckades. → Byt ut dåliga bilder mot tydligare ansiktsfoton.;0.384;4;;88%;;"no_faces(14); high_yaw(11); low_focus(3)";;0.1762;;0.5512;0;;"Få träningsbilder (4 st); Hög andel misslyckade bilder (88%)";
245;Brigitta Kocsis;;Bara 2 träningsbild(er). → Samla fler bilder för att förbättra igenkänningen. | 75% av bilderna misslyckades. → Byt ut dåliga bilder mot tydligare ansiktsfoton.;0.384;2;;75%;;"high_yaw(5); no_faces(1)";;0.1840;;0.6487;0;;"Mycket få träningsbilder (2 st); Hög andel misslyckade bilder (75%)";
246;Airi Minami;;Bara 2 träningsbild(er). → Samla fler bilder för att förbättra igenkänningen. | 95% av bilderna misslyckades. → Byt ut dåliga bilder mot tydligare ansiktsfoton.;0.383;2;;95%;;"no_faces(21); high_yaw(12); low_focus(4)";;0.1438;;0.6052;0;;"Mycket få träningsbilder (2 st); Hög andel misslyckade bilder (95%)";
247;Eva Celeste;;Låg men mätbar osäkerhet – ingen akut åtgärd krävs.;0.383;6;;33%;;"high_yaw(2); high_pitch(1)";;0.2886;;0.6991;1;;"Få träningsbilder (6 st); Medelhög varians – möjligen blandade bilder; 1 outlier-embedding(s)";
248;Unique Lasage;Gemini Lovell;Personerna har liknande ansiktsdrag (avstånd 0.533). → Kontrollera att bilderna ligger i rätt mappar. Överväg att lägga till fler distinkta bilder. | Unique Lasage har 64% misslyckade bilder – byt ut lågkvalitetsbilder mot bättre. | Gemini Lovell har 68% misslyckade bilder – byt ut lågkvalitetsbilder mot bättre.;0.383;8;13;64%;68%;"high_yaw(13); no_faces(1)";"high_yaw(17); no_faces(11)";0.2349;0.1847;0.5327;1;1;"Medelhög varians – möjligen blandade bilder; Ömsesidig förväxling med Gemini Lovell (avstånd 0.533); Hög andel misslyckade bilder (64%); 1 outlier-embedding(s)";"Ömsesidig förväxling med Unique Lasage (avstånd 0.533); Hög andel misslyckade bilder (68%); 1 outlier-embedding(s)"
249;Alyssa Marie;;76% av bilderna misslyckades. → Byt ut dåliga bilder mot tydligare ansiktsfoton.;0.383;7;;76%;;"high_yaw(15); high_pitch(3); no_faces(3)";;0.2523;;0.6747;1;;"Få träningsbilder (7 st); Medelhög varians – möjligen blandade bilder; Hög andel misslyckade bilder (76%); 1 outlier-embedding(s)";
250;Dorothy Teixeira;;Hög varians tyder på att mappen innehåller bilder av flera personer. → Granska och rensa mappen. | 64% av bilderna misslyckades. → Byt ut dåliga bilder mot tydligare ansiktsfoton.;0.383;5;;64%;;"no_faces(7); high_yaw(1); high_pitch(1)";;0.3038;;0.6788;0;;"Få träningsbilder (5 st); Hög varians – troligen blandade identiteter i mappen; Hög andel misslyckade bilder (64%)";
251;Mihrimah;;Hög varians tyder på att mappen innehåller bilder av flera personer. → Granska och rensa mappen. | 78% av bilderna misslyckades. → Byt ut dåliga bilder mot tydligare ansiktsfoton.;0.383;8;;78%;;"multiple_faces(25); high_yaw(2); high_pitch(1)";;0.3387;;0.5622;0;;"Hög varians – troligen blandade identiteter i mappen; Hög andel misslyckade bilder (78%)";
252;Sandra Mango;Tamara N Joy;Hög varians i Sandra Mango tyder på blandade identiteter. → Granska bilderna i mappen och flytta felplacerade bilder till rätt person.;0.383;5;4;29%;33%;ok(2);high_pitch(2);0.3748;0.0423;0.6415;0;0;"Få träningsbilder (5 st); Hög varians – troligen blandade identiteter i mappen; Ömsesidig förväxling med Tamara N Joy (avstånd 0.641)";"Få träningsbilder (4 st); Ömsesidig förväxling med Sandra Mango (avstånd 0.641)"
253;Enrika Dolls;;79% av bilderna misslyckades. → Byt ut dåliga bilder mot tydligare ansiktsfoton.;0.383;6;;79%;;"high_yaw(12); no_faces(6); multiple_faces(2)";;0.1968;;0.6478;1;;"Få träningsbilder (6 st); Hög andel misslyckade bilder (79%); 1 outlier-embedding(s)";
254;Jamie Huxley;;84% av bilderna misslyckades. → Byt ut dåliga bilder mot tydligare ansiktsfoton.;0.383;8;;84%;;"high_yaw(25); no_faces(8); high_pitch(5)";;0.2803;;0.6091;1;;"Medelhög varians – möjligen blandade bilder; Hög andel misslyckade bilder (84%); 1 outlier-embedding(s)";
255;Julia Uliane;;79% av bilderna misslyckades. → Byt ut dåliga bilder mot tydligare ansiktsfoton.;0.382;6;;79%;;"high_yaw(12); no_faces(6); low_focus(2)";;0.1967;;0.6950;1;;"Få träningsbilder (6 st); Hög andel misslyckade bilder (79%); 1 outlier-embedding(s)";
256;Edyta Sliwinska;;64% av bilderna misslyckades. → Byt ut dåliga bilder mot tydligare ansiktsfoton.;0.382;4;;64%;;"high_pitch(3); high_yaw(2); multiple_faces(1)";;0.2709;;0.6711;0;;"Få träningsbilder (4 st); Medelhög varians – möjligen blandade bilder; Hög andel misslyckade bilder (64%)";
257;Paisley Porter;;Hög varians tyder på att mappen innehåller bilder av flera personer. → Granska och rensa mappen. | 64% av bilderna misslyckades. → Byt ut dåliga bilder mot tydligare ansiktsfoton.;0.382;5;;64%;;"high_yaw(6); no_faces(2); high_pitch(1)";;0.3029;;0.6626;0;;"Få träningsbilder (5 st); Hög varians – troligen blandade identiteter i mappen; Hög andel misslyckade bilder (64%)";
258;Tafy Eighteen;;Hög varians tyder på att mappen innehåller bilder av flera personer. → Granska och rensa mappen. | 55% av bilderna misslyckades. → Byt ut dåliga bilder mot tydligare ansiktsfoton.;0.382;5;;55%;;"high_pitch(4); high_yaw(2)";;0.3222;;0.6916;0;;"Få träningsbilder (5 st); Hög varians – troligen blandade identiteter i mappen; Hög andel misslyckade bilder (55%)";
259;Katy Borman;;Bara 2 träningsbild(er). → Samla fler bilder för att förbättra igenkänningen. | 60% av bilderna misslyckades. → Byt ut dåliga bilder mot tydligare ansiktsfoton.;0.382;2;;60%;;ok(3);;0.2112;;0.6265;0;;"Mycket få träningsbilder (2 st); Medelhög varians – möjligen blandade bilder; Hög andel misslyckade bilder (60%)";
260;Rizzo Ford;;Hög varians tyder på att mappen innehåller bilder av flera personer. → Granska och rensa mappen. | 55% av bilderna misslyckades. → Byt ut dåliga bilder mot tydligare ansiktsfoton.;0.382;5;;55%;;"high_yaw(5); no_faces(1)";;0.3220;;0.6972;0;;"Få träningsbilder (5 st); Hög varians – troligen blandade identiteter i mappen; Hög andel misslyckade bilder (55%)";
261;Anita Paris;;Hög varians tyder på att mappen innehåller bilder av flera personer. → Granska och rensa mappen.;0.382;6;;25%;;high_yaw(2);;0.4143;;0.6011;0;;"Få träningsbilder (6 st); Hög varians – troligen blandade identiteter i mappen";
262;Casey Parker;Sandy Summers;Hög varians i Casey Parker tyder på blandade identiteter. → Granska bilderna i mappen och flytta felplacerade bilder till rätt person. | Casey Parker har 67% misslyckade bilder – byt ut lågkvalitetsbilder mot bättre. | Sandy Summers har 62% misslyckade bilder – byt ut lågkvalitetsbilder mot bättre.;0.382;13;19;67%;62%;"high_yaw(15); low_focus(5); no_faces(3)";"high_yaw(19); no_faces(6); high_pitch(5)";0.3379;0.1738;0.4262;0;1;"Hög varians – troligen blandade identiteter i mappen; Ömsesidig förväxling med Sandy Summers (avstånd 0.426); Hög andel misslyckade bilder (67%)";"Ömsesidig förväxling med Casey Parker (avstånd 0.426); Hög andel misslyckade bilder (62%); 1 outlier-embedding(s)"
263;Sakura Sena;;Hög varians tyder på att mappen innehåller bilder av flera personer. → Granska och rensa mappen.;0.382;7;;36%;;high_yaw(4);;0.3154;;0.5868;1;;"Få träningsbilder (7 st); Hög varians – troligen blandade identiteter i mappen; 1 outlier-embedding(s)";
264;Ana Bela;;Bara 2 träningsbild(er). → Samla fler bilder för att förbättra igenkänningen. | 87% av bilderna misslyckades. → Byt ut dåliga bilder mot tydligare ansiktsfoton.;0.381;2;;87%;;"low_focus(8); high_yaw(5)";;0.1560;;0.6025;0;;"Mycket få träningsbilder (2 st); Hög andel misslyckade bilder (87%)";
265;Rin Yuzuki;Ena Nishino;Personerna har liknande ansiktsdrag (avstånd 0.606). → Kontrollera att bilderna ligger i rätt mappar. Överväg att lägga till fler distinkta bilder. | Rin Yuzuki har 86% misslyckade bilder – byt ut lågkvalitetsbilder mot bättre.;0.381;7;4;86%;50%;"no_faces(32); high_yaw(9); high_pitch(1)";"high_yaw(2); low_focus(1); high_pitch(1)";0.2283;0.1638;0.6060;1;0;"Få träningsbilder (7 st); Medelhög varians – möjligen blandade bilder; Ömsesidig förväxling med Ena Nishino (avstånd 0.606); Hög andel misslyckade bilder (86%); 1 outlier-embedding(s)";"Få träningsbilder (4 st); Ömsesidig förväxling med Rin Yuzuki (avstånd 0.606)"
266;Shiela Cruiz;;Hög varians tyder på att mappen innehåller bilder av flera personer. → Granska och rensa mappen.;0.381;7;;46%;;"high_yaw(3); high_pitch(2); low_focus(1)";;0.4031;;0.7011;0;;"Få träningsbilder (7 st); Hög varians – troligen blandade identiteter i mappen";
267;Freia A Kara;;Hög varians tyder på att mappen innehåller bilder av flera personer. → Granska och rensa mappen.;0.381;6;;25%;;"low_focus(1); high_yaw(1)";;0.3008;;0.6716;1;;"Få träningsbilder (6 st); Hög varians – troligen blandade identiteter i mappen; 1 outlier-embedding(s)";
268;Sully Savage;;Hög varians tyder på att mappen innehåller bilder av flera personer. → Granska och rensa mappen. | 79% av bilderna misslyckades. → Byt ut dåliga bilder mot tydligare ansiktsfoton.;0.381;6;;79%;;"high_yaw(10); no_faces(8); low_focus(3)";;0.3039;;0.6758;0;;"Få träningsbilder (6 st); Hög varians – troligen blandade identiteter i mappen; Hög andel misslyckade bilder (79%)";
269;Sierra Lewis;;71% av bilderna misslyckades. → Byt ut dåliga bilder mot tydligare ansiktsfoton.;0.381;6;;71%;;"no_faces(10); high_yaw(5)";;0.2071;;0.6726;1;;"Få träningsbilder (6 st); Medelhög varians – möjligen blandade bilder; Hög andel misslyckade bilder (71%); 1 outlier-embedding(s)";
270;Emiri Tanizawa;Saki Oshiro;Hög varians i Emiri Tanizawa och Saki Oshiro tyder på blandade identiteter. → Granska bilderna i dessa mappar och flytta felplacerade bilder till rätt person. | Emiri Tanizawa har 82% misslyckade bilder – byt ut lågkvalitetsbilder mot bättre. | Saki Oshiro har 56% misslyckade bilder – byt ut lågkvalitetsbilder mot bättre.;0.380;9;22;82%;56%;"high_yaw(14); no_faces(13); low_focus(10)";"high_yaw(18); no_faces(4); low_focus(4)";0.3036;0.2588;0.5853;1;2;"Hög varians – troligen blandade identiteter i mappen; Ömsesidig förväxling med Saki Oshiro (avstånd 0.585); Hög andel misslyckade bilder (82%); 1 outlier-embedding(s)";"Medelhög varians – möjligen blandade bilder; Ömsesidig förväxling med Emiri Tanizawa (avstånd 0.585); Hög andel misslyckade bilder (56%); 2 outlier-embedding(s)"
271;Jana Puff;;Bara 2 träningsbild(er). → Samla fler bilder för att förbättra igenkänningen. | 94% av bilderna misslyckades. → Byt ut dåliga bilder mot tydligare ansiktsfoton.;0.380;2;;94%;;"no_faces(11); high_yaw(9); low_focus(7)";;0.1398;;0.6734;0;;"Mycket få träningsbilder (2 st); Hög andel misslyckade bilder (94%)";
272;Hikaru Momose;;Bara 2 träningsbild(er). → Samla fler bilder för att förbättra igenkänningen. | 88% av bilderna misslyckades. → Byt ut dåliga bilder mot tydligare ansiktsfoton.;0.380;2;;88%;;"no_faces(9); high_yaw(4); low_focus(2)";;0.1505;;0.6223;0;;"Mycket få träningsbilder (2 st); Hög andel misslyckade bilder (88%)";
273;Nandine;;Låg men mätbar osäkerhet – ingen akut åtgärd krävs.;0.380;6;;33%;;"high_yaw(2); high_pitch(1)";;0.2818;;0.6967;1;;"Få träningsbilder (6 st); Medelhög varians – möjligen blandade bilder; 1 outlier-embedding(s)";
274;Gogo Fukme;;Bara 3 träningsbild(er). → Samla fler bilder för att förbättra igenkänningen. | 86% av bilderna misslyckades. → Byt ut dåliga bilder mot tydligare ansiktsfoton.;0.380;3;;86%;;"high_yaw(9); no_faces(8); high_pitch(1)";;0.1881;;0.6962;0;;"Mycket få träningsbilder (3 st); Hög andel misslyckade bilder (86%)";
275;Anneth;;Bara 3 träningsbild(er). → Samla fler bilder för att förbättra igenkänningen. | 75% av bilderna misslyckades. → Byt ut dåliga bilder mot tydligare ansiktsfoton.;0.379;3;;75%;;"high_yaw(6); high_pitch(3)";;0.2090;;0.7163;0;;"Mycket få träningsbilder (3 st); Medelhög varians – möjligen blandade bilder; Hög andel misslyckade bilder (75%)";
276;JC Taylor;Samantha Bee;Hög varians i Samantha Bee tyder på blandade identiteter. → Granska bilderna i mappen och flytta felplacerade bilder till rätt person. | JC Taylor har 71% misslyckade bilder – byt ut lågkvalitetsbilder mot bättre. | Samantha Bee har 82% misslyckade bilder – byt ut lågkvalitetsbilder mot bättre. | JC Taylor har bara 2 bilder – samla fler träningsbilder.;0.379;2;9;71%;82%;"high_yaw(4); no_faces(1)";"no_faces(19); high_yaw(16); high_pitch(4)";0.1416;0.3488;0.5690;0;0;"Mycket få träningsbilder (2 st); Ömsesidig förväxling med Samantha Bee (avstånd 0.569); Hög andel misslyckade bilder (71%)";"Hög varians – troligen blandade identiteter i mappen; Ömsesidig förväxling med JC Taylor (avstånd 0.569); Hög andel misslyckade bilder (82%)"
277;Logan Bella;;Hög varians tyder på att mappen innehåller bilder av flera personer. → Granska och rensa mappen.;0.379;4;;43%;;high_yaw(3);;0.3056;;0.6275;0;;"Få träningsbilder (4 st); Hög varians – troligen blandade identiteter i mappen";
278;Kylah Dalhauser;;Bara 2 träningsbild(er). → Samla fler bilder för att förbättra igenkänningen. | 95% av bilderna misslyckades. → Byt ut dåliga bilder mot tydligare ansiktsfoton.;0.379;2;;95%;;"low_focus(15); high_yaw(14); no_faces(5)";;0.1342;;0.6433;0;;"Mycket få träningsbilder (2 st); Hög andel misslyckade bilder (95%)";
279;Sara Seori;Ayaka Fujikita;Hög varians i Sara Seori tyder på blandade identiteter. → Granska bilderna i mappen och flytta felplacerade bilder till rätt person. | Sara Seori har 84% misslyckade bilder – byt ut lågkvalitetsbilder mot bättre. | Ayaka Fujikita har 92% misslyckade bilder – byt ut lågkvalitetsbilder mot bättre.;0.379;8;4;84%;92%;"no_faces(16); high_yaw(15); low_focus(11)";"high_yaw(29); no_faces(9); low_focus(6)";0.2569;0.0692;0.5234;0;0;"Medelhög varians – möjligen blandade bilder; Ömsesidig förväxling med Ayaka Fujikita (avstånd 0.523); Hög andel misslyckade bilder (84%)";"Få träningsbilder (4 st); Ömsesidig förväxling med Sara Seori (avstånd 0.523); Hög andel misslyckade bilder (92%)"
280;Yuuka Kokoro;;Bara 3 träningsbild(er). → Samla fler bilder för att förbättra igenkänningen. | 94% av bilderna misslyckades. → Byt ut dåliga bilder mot tydligare ansiktsfoton.;0.379;3;;94%;;"no_faces(37); high_yaw(8); high_pitch(2)";;0.1574;;0.5877;0;;"Mycket få träningsbilder (3 st); Hög andel misslyckade bilder (94%)";
281;Foxy Sanie;;80% av bilderna misslyckades. → Byt ut dåliga bilder mot tydligare ansiktsfoton.;0.379;8;;80%;;"no_faces(17); high_yaw(11); low_focus(4)";;0.2798;;0.6517;1;;"Medelhög varians – möjligen blandade bilder; Hög andel misslyckade bilder (80%); 1 outlier-embedding(s)";
282;Irene Ashley;;Hög varians tyder på att mappen innehåller bilder av flera personer. → Granska och rensa mappen.;0.379;5;;29%;;"high_yaw(1); low_focus(1)";;0.3666;;0.7404;0;;"Få träningsbilder (5 st); Hög varians – troligen blandade identiteter i mappen";
283;Tanya Ivanova;;64% av bilderna misslyckades. → Byt ut dåliga bilder mot tydligare ansiktsfoton.;0.378;5;;64%;;"high_yaw(6); low_focus(3)";;0.2947;;0.6791;0;;"Få träningsbilder (5 st); Medelhög varians – möjligen blandade bilder; Hög andel misslyckade bilder (64%)";
284;Aeryn Elise;;69% av bilderna misslyckades. → Byt ut dåliga bilder mot tydligare ansiktsfoton.;0.378;4;;69%;;"high_yaw(7); high_pitch(2)";;0.2515;;0.6355;0;;"Få träningsbilder (4 st); Medelhög varians – möjligen blandade bilder; Hög andel misslyckade bilder (69%)";
285;Saya Tachibana;Saki Aiba;Hög varians i Saya Tachibana och Saki Aiba tyder på blandade identiteter. → Granska bilderna i dessa mappar och flytta felplacerade bilder till rätt person. | Saya Tachibana har 74% misslyckade bilder – byt ut lågkvalitetsbilder mot bättre. | Saki Aiba har 74% misslyckade bilder – byt ut lågkvalitetsbilder mot bättre.;0.378;5;13;74%;74%;"high_pitch(5); low_focus(5); high_yaw(4)";"high_yaw(18); no_faces(9); low_focus(8)";0.2750;0.2661;0.6085;0;1;"Få träningsbilder (5 st); Medelhög varians – möjligen blandade bilder; Ömsesidig förväxling med Saki Aiba (avstånd 0.609); Hög andel misslyckade bilder (74%)";"Medelhög varians – möjligen blandade bilder; Ömsesidig förväxling med Saya Tachibana (avstånd 0.609); Hög andel misslyckade bilder (74%); 1 outlier-embedding(s)"
286;Tiara Ayase;;Bara 3 träningsbild(er). → Samla fler bilder för att förbättra igenkänningen. | 94% av bilderna misslyckades. → Byt ut dåliga bilder mot tydligare ansiktsfoton.;0.378;3;;94%;;"high_yaw(23); low_focus(12); no_faces(9)";;0.1675;;0.6775;0;;"Mycket få träningsbilder (3 st); Hög andel misslyckade bilder (94%)";
287;Sydnee Capri;;86% av bilderna misslyckades. → Byt ut dåliga bilder mot tydligare ansiktsfoton.;0.378;7;;86%;;"no_faces(28); high_yaw(10); low_focus(3)";;0.2940;;0.5772;0;;"Få träningsbilder (7 st); Medelhög varians – möjligen blandade bilder; Hög andel misslyckade bilder (86%)";
288;Tina Russell;;Bara 3 träningsbild(er). → Samla fler bilder för att förbättra igenkänningen. | 73% av bilderna misslyckades. → Byt ut dåliga bilder mot tydligare ansiktsfoton.;0.378;3;;73%;;ok(8);;0.2100;;0.7155;0;;"Mycket få träningsbilder (3 st); Medelhög varians – möjligen blandade bilder; Hög andel misslyckade bilder (73%)";
289;Alex Arden;;54% av bilderna misslyckades. → Byt ut dåliga bilder mot tydligare ansiktsfoton.;0.378;6;;54%;;"high_yaw(3); no_faces(3); high_pitch(1)";;0.2366;;0.6561;1;;"Få träningsbilder (6 st); Medelhög varians – möjligen blandade bilder; Hög andel misslyckade bilder (54%); 1 outlier-embedding(s)";
290;Aya Kisaki;;Bara 2 träningsbild(er). → Samla fler bilder för att förbättra igenkänningen. | 96% av bilderna misslyckades. → Byt ut dåliga bilder mot tydligare ansiktsfoton.;0.378;2;;96%;;"no_faces(17); high_yaw(16); low_focus(12)";;0.1299;;0.6621;0;;"Mycket få träningsbilder (2 st); Hög andel misslyckade bilder (96%)";
291;Sara Redz;;Bara 2 träningsbild(er). → Samla fler bilder för att förbättra igenkänningen. | 94% av bilderna misslyckades. → Byt ut dåliga bilder mot tydligare ansiktsfoton.;0.377;2;;94%;;"high_yaw(16); no_faces(9); low_focus(2)";;0.1345;;0.6953;0;;"Mycket få träningsbilder (2 st); Hög andel misslyckade bilder (94%)";
292;Epiphany Dring;;70% av bilderna misslyckades. → Byt ut dåliga bilder mot tydligare ansiktsfoton.;0.377;6;;70%;;"high_yaw(11); low_focus(2); high_pitch(1)";;0.2037;;0.6567;1;;"Få träningsbilder (6 st); Medelhög varians – möjligen blandade bilder; Hög andel misslyckade bilder (70%); 1 outlier-embedding(s)";
293;Emuna Lotti;;80% av bilderna misslyckades. → Byt ut dåliga bilder mot tydligare ansiktsfoton.;0.377;5;;80%;;"high_yaw(11); low_focus(5); high_pitch(2)";;0.2614;;0.6274;0;;"Få träningsbilder (5 st); Medelhög varians – möjligen blandade bilder; Hög andel misslyckade bilder (80%)";
294;Cashmere Minage;;72% av bilderna misslyckades. → Byt ut dåliga bilder mot tydligare ansiktsfoton.;0.377;5;;72%;;"no_faces(8); high_yaw(4); low_focus(1)";;0.2769;;0.6269;0;;"Få träningsbilder (5 st); Medelhög varians – möjligen blandade bilder; Hög andel misslyckade bilder (72%)";
295;Juliana Kincaid;;69% av bilderna misslyckades. → Byt ut dåliga bilder mot tydligare ansiktsfoton.;0.377;5;;69%;;"high_yaw(5); low_focus(4); high_pitch(1)";;0.2836;;0.7004;0;;"Få träningsbilder (5 st); Medelhög varians – möjligen blandade bilder; Hög andel misslyckade bilder (69%)";
296;Gianna Love;Natalie Monroe;Personerna har liknande ansiktsdrag (avstånd 0.644). → Kontrollera att bilderna ligger i rätt mappar. Överväg att lägga till fler distinkta bilder. | Gianna Love har 90% misslyckade bilder – byt ut lågkvalitetsbilder mot bättre.;0.377;5;25;90%;50%;"high_yaw(23); no_faces(19); high_pitch(2)";"no_faces(11); high_yaw(9); high_pitch(3)";0.2408;0.1905;0.6442;0;1;"Få träningsbilder (5 st); Medelhög varians – möjligen blandade bilder; Ömsesidig förväxling med Natalie Monroe (avstånd 0.644); Hög andel misslyckade bilder (90%)";"Ömsesidig förväxling med Gianna Love (avstånd 0.644); 1 outlier-embedding(s)"
297;Yuuri Himeno;;Bara 2 träningsbild(er). → Samla fler bilder för att förbättra igenkänningen. | 75% av bilderna misslyckades. → Byt ut dåliga bilder mot tydligare ansiktsfoton.;0.377;2;;75%;;"high_yaw(3); high_pitch(2); low_focus(1)";;0.1706;;0.6261;0;;"Mycket få träningsbilder (2 st); Hög andel misslyckade bilder (75%)";
298;Connie Rose;;Låg men mätbar osäkerhet – ingen akut åtgärd krävs.;0.377;7;;46%;;"high_yaw(4); high_pitch(2)";;0.2996;;0.7123;1;;"Få träningsbilder (7 st); Medelhög varians – möjligen blandade bilder; 1 outlier-embedding(s)";
299;Barbie Murdock;;Bara 3 träningsbild(er). → Samla fler bilder för att förbättra igenkänningen. | 73% av bilderna misslyckades. → Byt ut dåliga bilder mot tydligare ansiktsfoton.;0.377;3;;73%;;"high_yaw(5); high_pitch(2); low_focus(1)";;0.2081;;0.6245;0;;"Mycket få träningsbilder (3 st); Medelhög varians – möjligen blandade bilder; Hög andel misslyckade bilder (73%)";
300;Jade Ivy;Adrianna Lily;Personerna har liknande ansiktsdrag (avstånd 0.619). → Kontrollera att bilderna ligger i rätt mappar. Överväg att lägga till fler distinkta bilder. | Jade Ivy har 77% misslyckade bilder – byt ut lågkvalitetsbilder mot bättre. | Adrianna Lily har 73% misslyckade bilder – byt ut lågkvalitetsbilder mot bättre. | Jade Ivy har bara 3 bilder – samla fler träningsbilder. | Adrianna Lily har bara 3 bilder – samla fler träningsbilder.;0.377;3;3;77%;73%;"no_faces(8); high_yaw(2)";"high_yaw(7); high_pitch(1)";0.1996;0.2050;0.6192;0;0;"Mycket få träningsbilder (3 st); Ömsesidig förväxling med Adrianna Lily (avstånd 0.619); Hög andel misslyckade bilder (77%)";"Mycket få träningsbilder (3 st); Medelhög varians – möjligen blandade bilder; Ömsesidig förväxling med Jade Ivy (avstånd 0.619); Hög andel misslyckade bilder (73%)"
301;Arisa Nakano;;84% av bilderna misslyckades. → Byt ut dåliga bilder mot tydligare ansiktsfoton.;0.377;8;;84%;;"no_faces(25); high_yaw(10); low_focus(3)";;0.2687;;0.6074;1;;"Medelhög varians – möjligen blandade bilder; Hög andel misslyckade bilder (84%); 1 outlier-embedding(s)";
302;Deirdre Collins;;82% av bilderna misslyckades. → Byt ut dåliga bilder mot tydligare ansiktsfoton.;0.376;6;;82%;;"high_yaw(14); no_faces(7); low_focus(5)";;0.1782;;0.7222;1;;"Få träningsbilder (6 st); Hög andel misslyckade bilder (82%); 1 outlier-embedding(s)";
303;Julie McCullough;;Bara 3 träningsbild(er). → Samla fler bilder för att förbättra igenkänningen. | 62% av bilderna misslyckades. → Byt ut dåliga bilder mot tydligare ansiktsfoton.;0.376;3;;62%;;"high_yaw(3); low_focus(1); high_pitch(1)";;0.2279;;0.6914;0;;"Mycket få träningsbilder (3 st); Medelhög varians – möjligen blandade bilder; Hög andel misslyckade bilder (62%)";
304;Janaya Love;;Bara 3 träningsbild(er). → Samla fler bilder för att förbättra igenkänningen. | 70% av bilderna misslyckades. → Byt ut dåliga bilder mot tydligare ansiktsfoton.;0.376;3;;70%;;high_yaw(7);;0.2129;;0.6585;0;;"Mycket få träningsbilder (3 st); Medelhög varians – möjligen blandade bilder; Hög andel misslyckade bilder (70%)";
305;Shy Angela;;67% av bilderna misslyckades. → Byt ut dåliga bilder mot tydligare ansiktsfoton.;0.376;5;;67%;;"high_yaw(6); low_focus(4)";;0.2861;;0.6924;0;;"Få träningsbilder (5 st); Medelhög varians – möjligen blandade bilder; Hög andel misslyckade bilder (67%)";
306;Val Kambel;Sabrina Linn;Hög varians i Sabrina Linn tyder på blandade identiteter. → Granska bilderna i mappen och flytta felplacerade bilder till rätt person. | Val Kambel har 74% misslyckade bilder – byt ut lågkvalitetsbilder mot bättre. | Sabrina Linn har 67% misslyckade bilder – byt ut lågkvalitetsbilder mot bättre.;0.376;7;10;74%;67%;"high_yaw(14); no_faces(4); high_pitch(2)";"high_yaw(11); no_faces(8); high_pitch(1)";0.2154;0.3029;0.5790;1;1;"Få träningsbilder (7 st); Medelhög varians – möjligen blandade bilder; Ömsesidig förväxling med Sabrina Linn (avstånd 0.579); Hög andel misslyckade bilder (74%); 1 outlier-embedding(s)";"Hög varians – troligen blandade identiteter i mappen; Ömsesidig förväxling med Val Kambel (avstånd 0.579); Hög andel misslyckade bilder (67%); 1 outlier-embedding(s)"
307;Jade Presley;Deja Chan;Hög varians i Jade Presley tyder på blandade identiteter. → Granska bilderna i mappen och flytta felplacerade bilder till rätt person. | Jade Presley har 81% misslyckade bilder – byt ut lågkvalitetsbilder mot bättre. | Deja Chan har 66% misslyckade bilder – byt ut lågkvalitetsbilder mot bättre.;0.376;8;15;81%;66%;"no_faces(15); high_yaw(12); low_focus(7)";"high_yaw(14); no_faces(10); low_focus(3)";0.2727;0.2405;0.6575;1;1;"Medelhög varians – möjligen blandade bilder; Ömsesidig förväxling med Deja Chan (avstånd 0.658); Hög andel misslyckade bilder (81%); 1 outlier-embedding(s)";"Medelhög varians – möjligen blandade bilder; Ömsesidig förväxling med Jade Presley (avstånd 0.658); Hög andel misslyckade bilder (66%); 1 outlier-embedding(s)"
308;Chanta Rose;;81% av bilderna misslyckades. → Byt ut dåliga bilder mot tydligare ansiktsfoton.;0.376;5;;81%;;"no_faces(13); high_yaw(4); low_focus(4)";;0.2558;;0.6759;0;;"Få träningsbilder (5 st); Medelhög varians – möjligen blandade bilder; Hög andel misslyckade bilder (81%)";
309;Advoree;;Bara 2 träningsbild(er). → Samla fler bilder för att förbättra igenkänningen. | 87% av bilderna misslyckades. → Byt ut dåliga bilder mot tydligare ansiktsfoton.;0.376;2;;87%;;"low_focus(6); no_faces(5); high_yaw(2)";;0.1453;;0.6770;0;;"Mycket få träningsbilder (2 st); Hög andel misslyckade bilder (87%)";
310;Sally Sparrow;;84% av bilderna misslyckades. → Byt ut dåliga bilder mot tydligare ansiktsfoton.;0.376;4;;84%;;"high_yaw(17); no_faces(3); low_focus(1)";;0.2173;;0.6704;0;;"Få träningsbilder (4 st); Medelhög varians – möjligen blandade bilder; Hög andel misslyckade bilder (84%)";
311;Anastasya Luna;;Bara 2 träningsbild(er). → Samla fler bilder för att förbättra igenkänningen. | 96% av bilderna misslyckades. → Byt ut dåliga bilder mot tydligare ansiktsfoton.;0.376;2;;96%;;"no_faces(28); low_focus(14); high_yaw(6)";;0.1260;;0.7258;0;;"Mycket få träningsbilder (2 st); Hög andel misslyckade bilder (96%)";
312;Valerie Voxxx;;Bara 3 träningsbild(er). → Samla fler bilder för att förbättra igenkänningen. | 70% av bilderna misslyckades. → Byt ut dåliga bilder mot tydligare ansiktsfoton.;0.376;3;;70%;;"high_yaw(5); high_pitch(2)";;0.2113;;0.6941;0;;"Mycket få träningsbilder (3 st); Medelhög varians – möjligen blandade bilder; Hög andel misslyckade bilder (70%)";
313;Virginia Want;;92% av bilderna misslyckades. → Byt ut dåliga bilder mot tydligare ansiktsfoton.;0.376;4;;92%;;"no_faces(23); high_yaw(11); low_focus(10)";;0.2005;;0.6460;0;;"Få träningsbilder (4 st); Medelhög varians – möjligen blandade bilder; Hög andel misslyckade bilder (92%)";
314;Ann Joy;;75% av bilderna misslyckades. → Byt ut dåliga bilder mot tydligare ansiktsfoton.;0.375;6;;75%;;"high_yaw(13); high_pitch(4); low_focus(1)";;0.1891;;0.6372;1;;"Få träningsbilder (6 st); Hög andel misslyckade bilder (75%); 1 outlier-embedding(s)";
315;Amaia Salamanca;;Hög varians tyder på att mappen innehåller bilder av flera personer. → Granska och rensa mappen.;0.375;9;;25%;;high_yaw(3);;0.6341;;0.6791;0;;Hög varians – troligen blandade identiteter i mappen;
316;Stormie Adams;;Hög varians tyder på att mappen innehåller bilder av flera personer. → Granska och rensa mappen.;0.375;9;;25%;;high_yaw(3);;0.5335;;0.6511;0;;Hög varians – troligen blandade identiteter i mappen;
317;Iryna Ivanova;;Bara 3 träningsbild(er). → Samla fler bilder för att förbättra igenkänningen. | 79% av bilderna misslyckades. → Byt ut dåliga bilder mot tydligare ansiktsfoton.;0.375;3;;79%;;"high_yaw(9); high_pitch(2)";;0.1927;;0.6372;0;;"Mycket få träningsbilder (3 st); Hög andel misslyckade bilder (79%)";
318;Shelby Angel;Alice Wonderbang;Personerna har liknande ansiktsdrag (avstånd 0.652). → Kontrollera att bilderna ligger i rätt mappar. Överväg att lägga till fler distinkta bilder. | Shelby Angel har 60% misslyckade bilder – byt ut lågkvalitetsbilder mot bättre. | Alice Wonderbang har 73% misslyckade bilder – byt ut lågkvalitetsbilder mot bättre. | Shelby Angel har bara 2 bilder – samla fler träningsbilder. | Alice Wonderbang har bara 3 bilder – samla fler träningsbilder.;0.375;2;3;60%;73%;ok(3);ok(8);0.1963;0.1256;0.6515;0;0;"Mycket få träningsbilder (2 st); Ömsesidig förväxling med Alice Wonderbang (avstånd 0.652); Hög andel misslyckade bilder (60%)";"Mycket få träningsbilder (3 st); Ömsesidig förväxling med Shelby Angel (avstånd 0.652); Hög andel misslyckade bilder (73%)"
319;Sayaka Takahashi;;88% av bilderna misslyckades. → Byt ut dåliga bilder mot tydligare ansiktsfoton.;0.374;6;;88%;;"high_yaw(19); no_faces(13); low_focus(9)";;0.2668;;0.5943;0;;"Få träningsbilder (6 st); Medelhög varians – möjligen blandade bilder; Hög andel misslyckade bilder (88%)";
320;Yasmeena Ali;;Bara 3 träningsbild(er). → Samla fler bilder för att förbättra igenkänningen. | 73% av bilderna misslyckades. → Byt ut dåliga bilder mot tydligare ansiktsfoton.;0.374;3;;73%;;"high_yaw(6); high_pitch(2)";;0.2023;;0.6948;0;;"Mycket få träningsbilder (3 st); Medelhög varians – möjligen blandade bilder; Hög andel misslyckade bilder (73%)";
321;Rika Aina;;92% av bilderna misslyckades. → Byt ut dåliga bilder mot tydligare ansiktsfoton.;0.374;4;;92%;;"high_yaw(27); no_faces(13); low_focus(4)";;0.1969;;0.6099;0;;"Få träningsbilder (4 st); Hög andel misslyckade bilder (92%)";
322;Marta Zawadzka;;Bara 3 träningsbild(er). → Samla fler bilder för att förbättra igenkänningen.;0.374;3;;40%;;high_yaw(2);;0.2675;;0.6055;0;;"Mycket få träningsbilder (3 st); Medelhög varians – möjligen blandade bilder";
323;Strawberry Sandy;Envy Rockafella;Hög varians i Envy Rockafella tyder på blandade identiteter. → Granska bilderna i mappen och flytta felplacerade bilder till rätt person. | Strawberry Sandy har 58% misslyckade bilder – byt ut lågkvalitetsbilder mot bättre. | Envy Rockafella har 58% misslyckade bilder – byt ut lågkvalitetsbilder mot bättre.;0.374;5;16;58%;58%;"high_yaw(4); low_focus(2); high_pitch(1)";"ok(6); no_faces(5); low_focus(4)";0.2317;0.5444;0.5497;0;1;"Få träningsbilder (5 st); Medelhög varians – möjligen blandade bilder; Ömsesidig förväxling med Envy Rockafella (avstånd 0.550); Hög andel misslyckade bilder (58%)";"Hög varians – troligen blandade identiteter i mappen; Ömsesidig förväxling med Strawberry Sandy (avstånd 0.550); Hög andel misslyckade bilder (58%); 1 outlier-embedding(s)"
324;Malena Conde;;Bara 3 träningsbild(er). → Samla fler bilder för att förbättra igenkänningen. | 62% av bilderna misslyckades. → Byt ut dåliga bilder mot tydligare ansiktsfoton.;0.373;3;;62%;;"high_yaw(3); high_pitch(1); no_faces(1)";;0.2208;;0.6840;0;;"Mycket få träningsbilder (3 st); Medelhög varians – möjligen blandade bilder; Hög andel misslyckade bilder (62%)";
325;Jade Saint James;;Bara 2 träningsbild(er). → Samla fler bilder för att förbättra igenkänningen. | 93% av bilderna misslyckades. → Byt ut dåliga bilder mot tydligare ansiktsfoton.;0.373;2;;93%;;"high_yaw(11); low_focus(8); no_faces(6)";;0.1270;;0.6791;0;;"Mycket få träningsbilder (2 st); Hög andel misslyckade bilder (93%)";
326;Susy Blue;;79% av bilderna misslyckades. → Byt ut dåliga bilder mot tydligare ansiktsfoton.;0.373;4;;79%;;"high_yaw(12); low_focus(3)";;0.2208;;0.6532;0;;"Få träningsbilder (4 st); Medelhög varians – möjligen blandade bilder; Hög andel misslyckade bilder (79%)";
327;Carly Cumslut;;Hög varians tyder på att mappen innehåller bilder av flera personer. → Granska och rensa mappen.;0.373;8;;50%;;high_yaw(8);;0.4117;;0.6541;0;;Hög varians – troligen blandade identiteter i mappen;
328;Alexis Onfire;;Bara 2 träningsbild(er). → Samla fler bilder för att förbättra igenkänningen. | 67% av bilderna misslyckades. → Byt ut dåliga bilder mot tydligare ansiktsfoton.;0.372;2;;67%;;ok(4);;0.1783;;0.7145;0;;"Mycket få träningsbilder (2 st); Hög andel misslyckade bilder (67%)";
329;Erica Kane Adams;;58% av bilderna misslyckades. → Byt ut dåliga bilder mot tydligare ansiktsfoton.;0.372;5;;58%;;"high_yaw(4); high_pitch(3)";;0.2949;;0.6824;0;;"Få träningsbilder (5 st); Medelhög varians – möjligen blandade bilder; Hög andel misslyckade bilder (58%)";
330;Arianna Espen;;86% av bilderna misslyckades. → Byt ut dåliga bilder mot tydligare ansiktsfoton.;0.372;4;;86%;;"high_yaw(16); no_faces(8)";;0.2066;;0.6297;0;;"Få träningsbilder (4 st); Medelhög varians – möjligen blandade bilder; Hög andel misslyckade bilder (86%)";
331;Ari Kajira;;Hög varians tyder på att mappen innehåller bilder av flera personer. → Granska och rensa mappen.;0.372;9;;31%;;"high_yaw(3); high_pitch(1)";;0.4830;;0.7068;0;;Hög varians – troligen blandade identiteter i mappen;
332;Becky DelosSantos;;67% av bilderna misslyckades. → Byt ut dåliga bilder mot tydligare ansiktsfoton.;0.372;4;;67%;;"high_yaw(5); high_pitch(3)";;0.2445;;0.6382;0;;"Få träningsbilder (4 st); Medelhög varians – möjligen blandade bilder; Hög andel misslyckade bilder (67%)";
333;Sena Aragaki;Maya Hills;Personerna har liknande ansiktsdrag (avstånd 0.572). → Kontrollera att bilderna ligger i rätt mappar. Överväg att lägga till fler distinkta bilder. | Sena Aragaki har 84% misslyckade bilder – byt ut lågkvalitetsbilder mot bättre. | Maya Hills har 58% misslyckade bilder – byt ut lågkvalitetsbilder mot bättre.;0.372;5;21;84%;58%;"high_yaw(14); low_focus(8); high_pitch(2)";"high_yaw(20); high_pitch(5); no_faces(2)";0.2063;0.1713;0.5716;0;1;"Få träningsbilder (5 st); Medelhög varians – möjligen blandade bilder; Ömsesidig förväxling med Maya Hills (avstånd 0.572); Hög andel misslyckade bilder (84%)";"Ömsesidig förväxling med Sena Aragaki (avstånd 0.572); Hög andel misslyckade bilder (58%); 1 outlier-embedding(s)"
334;Betsey Kite;;79% av bilderna misslyckades. → Byt ut dåliga bilder mot tydligare ansiktsfoton.;0.372;5;;79%;;"high_yaw(14); low_focus(3); high_pitch(2)";;0.2526;;0.6175;0;;"Få träningsbilder (5 st); Medelhög varians – möjligen blandade bilder; Hög andel misslyckade bilder (79%)";
335;Shiori Himemiya;;86% av bilderna misslyckades. → Byt ut dåliga bilder mot tydligare ansiktsfoton.;0.372;7;;86%;;"high_yaw(19); high_pitch(11); low_focus(10)";;0.1927;;0.5825;1;;"Få träningsbilder (7 st); Hög andel misslyckade bilder (86%); 1 outlier-embedding(s)";
336;Rose Vermillion;;67% av bilderna misslyckades. → Byt ut dåliga bilder mot tydligare ansiktsfoton.;0.372;6;;67%;;"high_pitch(6); high_yaw(4); low_focus(2)";;0.1992;;0.6884;1;;"Få träningsbilder (6 st); Hög andel misslyckade bilder (67%); 1 outlier-embedding(s)";
337;Veranda Kanis;;Hög varians tyder på att mappen innehåller bilder av flera personer. → Granska och rensa mappen.;0.372;5;;0%;;;;0.4103;;0.7225;0;;"Få träningsbilder (5 st); Hög varians – troligen blandade identiteter i mappen";
338;Celia Blanco;;Bara 3 träningsbild(er). → Samla fler bilder för att förbättra igenkänningen. | 82% av bilderna misslyckades. → Byt ut dåliga bilder mot tydligare ansiktsfoton.;0.372;3;;82%;;"high_yaw(9); no_faces(5)";;0.1787;;0.6200;0;;"Mycket få träningsbilder (3 st); Hög andel misslyckade bilder (82%)";
339;Sofia H Aminora;;Hög varians tyder på att mappen innehåller bilder av flera personer. → Granska och rensa mappen.;0.371;6;;45%;;"high_yaw(3); high_pitch(2)";;0.3516;;0.7332;0;;"Få träningsbilder (6 st); Hög varians – troligen blandade identiteter i mappen";
340;Alisa A Castalia;Tamara Dix;Hög varians i Alisa A Castalia tyder på blandade identiteter. → Granska bilderna i mappen och flytta felplacerade bilder till rätt person.;0.371;7;6;42%;40%;"high_yaw(3); high_pitch(1); low_focus(1)";"high_pitch(2); low_focus(2)";0.3923;0.1511;0.6430;0;0;"Få träningsbilder (7 st); Hög varians – troligen blandade identiteter i mappen; Ömsesidig förväxling med Tamara Dix (avstånd 0.643)";"Få träningsbilder (6 st); Ömsesidig förväxling med Alisa A Castalia (avstånd 0.643)"
341;Alaura Eden;;88% av bilderna misslyckades. → Byt ut dåliga bilder mot tydligare ansiktsfoton.;0.371;6;;88%;;"no_faces(27); high_yaw(15); low_focus(2)";;0.1552;;0.6684;1;;"Få träningsbilder (6 st); Hög andel misslyckade bilder (88%); 1 outlier-embedding(s)";
342;Endza Ash;;67% av bilderna misslyckades. → Byt ut dåliga bilder mot tydligare ansiktsfoton.;0.371;4;;67%;;"high_yaw(4); low_focus(2); high_pitch(2)";;0.2419;;0.7138;0;;"Få träningsbilder (4 st); Medelhög varians – möjligen blandade bilder; Hög andel misslyckade bilder (67%)";
343;Sammie Spades;;88% av bilderna misslyckades. → Byt ut dåliga bilder mot tydligare ansiktsfoton.;0.371;6;;88%;;"high_yaw(24); low_focus(15); no_faces(4)";;0.1545;;0.6698;1;;"Få träningsbilder (6 st); Hög andel misslyckade bilder (88%); 1 outlier-embedding(s)";
344;Ameri Ichinose;;Bara 3 träningsbild(er). → Samla fler bilder för att förbättra igenkänningen. | 94% av bilderna misslyckades. → Byt ut dåliga bilder mot tydligare ansiktsfoton.;0.371;3;;94%;;"high_yaw(25); no_faces(15); low_focus(4)";;0.1532;;0.6278;0;;"Mycket få träningsbilder (3 st); Hög andel misslyckade bilder (94%)";
345;Rika Sakurai;Shiho Kano;Hög varians i Rika Sakurai och Shiho Kano tyder på blandade identiteter. → Granska bilderna i dessa mappar och flytta felplacerade bilder till rätt person. | Rika Sakurai har 76% misslyckade bilder – byt ut lågkvalitetsbilder mot bättre. | Shiho Kano har 64% misslyckade bilder – byt ut lågkvalitetsbilder mot bättre.;0.371;12;18;76%;64%;"high_yaw(20); no_faces(13); low_focus(3)";"high_yaw(18); low_focus(9); high_pitch(2)";0.3919;0.3150;0.5679;1;1;"Hög varians – troligen blandade identiteter i mappen; Ömsesidig förväxling med Shiho Kano (avstånd 0.568); Hög andel misslyckade bilder (76%); 1 outlier-embedding(s)";"Hög varians – troligen blandade identiteter i mappen; Ömsesidig förväxling med Rika Sakurai (avstånd 0.568); Hög andel misslyckade bilder (64%); 1 outlier-embedding(s)"
346;Alisa Pie;Constanse Dennie;Hög varians i Alisa Pie tyder på blandade identiteter. → Granska bilderna i mappen och flytta felplacerade bilder till rätt person. | Alisa Pie har 78% misslyckade bilder – byt ut lågkvalitetsbilder mot bättre. | Constanse Dennie har 60% misslyckade bilder – byt ut lågkvalitetsbilder mot bättre.;0.370;8;4;78%;60%;"no_faces(11); high_yaw(8); low_focus(7)";"high_yaw(4); high_pitch(1); low_focus(1)";0.2671;0.1808;0.6627;1;0;"Medelhög varians – möjligen blandade bilder; Ömsesidig förväxling med Constanse Dennie (avstånd 0.663); Hög andel misslyckade bilder (78%); 1 outlier-embedding(s)";"Få träningsbilder (4 st); Ömsesidig förväxling med Alisa Pie (avstånd 0.663); Hög andel misslyckade bilder (60%)"
347;Dannii Harwood;;Bara 2 träningsbild(er). → Samla fler bilder för att förbättra igenkänningen. | 78% av bilderna misslyckades. → Byt ut dåliga bilder mot tydligare ansiktsfoton.;0.370;2;;78%;;"high_yaw(4); high_pitch(3)";;0.1513;;0.6339;0;;"Mycket få träningsbilder (2 st); Hög andel misslyckade bilder (78%)";
348;Dakota Black;;92% av bilderna misslyckades. → Byt ut dåliga bilder mot tydligare ansiktsfoton.;0.370;4;;92%;;"high_yaw(26); high_pitch(10); low_focus(7)";;0.1895;;0.6829;0;;"Få träningsbilder (4 st); Hög andel misslyckade bilder (92%)";
349;All Ruth;;53% av bilderna misslyckades. → Byt ut dåliga bilder mot tydligare ansiktsfoton.;0.370;7;;53%;;"high_yaw(5); low_focus(2); high_pitch(1)";;0.2714;;0.6949;1;;"Få träningsbilder (7 st); Medelhög varians – möjligen blandade bilder; Hög andel misslyckade bilder (53%); 1 outlier-embedding(s)";
350;Elena Jay;;Bara 3 träningsbild(er). → Samla fler bilder för att förbättra igenkänningen.;0.370;3;;50%;;"high_yaw(2); high_pitch(1)";;0.2400;;0.6564;0;;"Mycket få träningsbilder (3 st); Medelhög varians – möjligen blandade bilder";
351;Risa Mizuki;;90% av bilderna misslyckades. → Byt ut dåliga bilder mot tydligare ansiktsfoton.;0.370;5;;90%;;"low_focus(20); no_faces(12); high_yaw(11)";;0.2266;;0.6048;0;;"Få träningsbilder (5 st); Medelhög varians – möjligen blandade bilder; Hög andel misslyckade bilder (90%)";
352;Elina Mikki;;82% av bilderna misslyckades. → Byt ut dåliga bilder mot tydligare ansiktsfoton.;0.369;5;;82%;;"high_yaw(19); high_pitch(3); low_focus(1)";;0.2412;;0.7062;0;;"Få träningsbilder (5 st); Medelhög varians – möjligen blandade bilder; Hög andel misslyckade bilder (82%)";
353;Hikaru Kirameki;;81% av bilderna misslyckades. → Byt ut dåliga bilder mot tydligare ansiktsfoton.;0.369;4;;81%;;"high_yaw(9); low_focus(8)";;0.2085;;0.5987;0;;"Få träningsbilder (4 st); Medelhög varians – möjligen blandade bilder; Hög andel misslyckade bilder (81%)";
354;Dorothy Stratten;;Bara 2 träningsbild(er). → Samla fler bilder för att förbättra igenkänningen. | 60% av bilderna misslyckades. → Byt ut dåliga bilder mot tydligare ansiktsfoton.;0.369;2;;60%;;high_yaw(3);;0.1851;;0.7261;0;;"Mycket få träningsbilder (2 st); Hög andel misslyckade bilder (60%)";
355;Cayton Caley;;Bara 3 träningsbild(er). → Samla fler bilder för att förbättra igenkänningen. | 94% av bilderna misslyckades. → Byt ut dåliga bilder mot tydligare ansiktsfoton.;0.369;3;;94%;;"high_yaw(24); no_faces(14); low_focus(7)";;0.1504;;0.6626;0;;"Mycket få träningsbilder (3 st); Hög andel misslyckade bilder (94%)";
356;Bia Teles;;72% av bilderna misslyckades. → Byt ut dåliga bilder mot tydligare ansiktsfoton.;0.369;5;;72%;;"high_yaw(9); high_pitch(2); no_faces(2)";;0.2606;;0.6601;0;;"Få träningsbilder (5 st); Medelhög varians – möjligen blandade bilder; Hög andel misslyckade bilder (72%)";
357;Iona Grace;;78% av bilderna misslyckades. → Byt ut dåliga bilder mot tydligare ansiktsfoton.;0.369;5;;78%;;"no_faces(7); high_yaw(7); low_focus(4)";;0.2484;;0.6516;0;;"Få träningsbilder (5 st); Medelhög varians – möjligen blandade bilder; Hög andel misslyckade bilder (78%)";
358;Darlene Amaro;Rochelle Sweet;Personerna har liknande ansiktsdrag (avstånd 0.651). → Kontrollera att bilderna ligger i rätt mappar. Överväg att lägga till fler distinkta bilder. | Darlene Amaro har 57% misslyckade bilder – byt ut lågkvalitetsbilder mot bättre. | Darlene Amaro har bara 3 bilder – samla fler träningsbilder. | Rochelle Sweet har bara 3 bilder – samla fler träningsbilder.;0.369;3;3;57%;40%;high_yaw(4);high_yaw(2);0.2235;0.0790;0.6513;0;0;"Mycket få träningsbilder (3 st); Medelhög varians – möjligen blandade bilder; Ömsesidig förväxling med Rochelle Sweet (avstånd 0.651); Hög andel misslyckade bilder (57%)";"Mycket få träningsbilder (3 st); Ömsesidig förväxling med Darlene Amaro (avstånd 0.651)"
359;Heaven Lee;;86% av bilderna misslyckades. → Byt ut dåliga bilder mot tydligare ansiktsfoton.;0.369;7;;86%;;"no_faces(25); high_yaw(15); high_pitch(1)";;0.2991;;0.6958;0;;"Få träningsbilder (7 st); Medelhög varians – möjligen blandade bilder; Hög andel misslyckade bilder (86%)";
360;Emilia Sky;;65% av bilderna misslyckades. → Byt ut dåliga bilder mot tydligare ansiktsfoton.;0.369;7;;65%;;"high_yaw(10); high_pitch(2); low_focus(1)";;0.2458;;0.6746;1;;"Få träningsbilder (7 st); Medelhög varians – möjligen blandade bilder; Hög andel misslyckade bilder (65%); 1 outlier-embedding(s)";
361;Janelle B Yasmi;;Bara 3 träningsbild(er). → Samla fler bilder för att förbättra igenkänningen. | 73% av bilderna misslyckades. → Byt ut dåliga bilder mot tydligare ansiktsfoton.;0.369;3;;73%;;ok(8);;0.1920;;0.6792;0;;"Mycket få träningsbilder (3 st); Hög andel misslyckade bilder (73%)";
362;Carol Imhof;;Bara 3 träningsbild(er). → Samla fler bilder för att förbättra igenkänningen.;0.368;3;;40%;;high_yaw(2);;0.2570;;0.6786;0;;"Mycket få träningsbilder (3 st); Medelhög varians – möjligen blandade bilder";
363;Vivian Lauren;;Bara 3 träningsbild(er). → Samla fler bilder för att förbättra igenkänningen.;0.368;3;;50%;;ok(3);;0.2368;;0.6500;0;;"Mycket få träningsbilder (3 st); Medelhög varians – möjligen blandade bilder";
364;Ruru Kashiwagi;;90% av bilderna misslyckades. → Byt ut dåliga bilder mot tydligare ansiktsfoton.;0.368;5;;90%;;"high_yaw(19); low_focus(17); no_faces(7)";;0.1870;;0.5635;0;;"Få träningsbilder (5 st); Hög andel misslyckade bilder (90%)";
365;Natasha Teen;;82% av bilderna misslyckades. → Byt ut dåliga bilder mot tydligare ansiktsfoton.;0.368;9;;82%;;"high_yaw(20); no_faces(15); low_focus(4)";;0.2652;;0.5677;1;;"Medelhög varians – möjligen blandade bilder; Hög andel misslyckade bilder (82%); 1 outlier-embedding(s)";
366;Chanty Kitty;Juicy Pearl;Hög varians i Chanty Kitty tyder på blandade identiteter. → Granska bilderna i mappen och flytta felplacerade bilder till rätt person. | Chanty Kitty har 54% misslyckade bilder – byt ut lågkvalitetsbilder mot bättre. | Juicy Pearl har 56% misslyckade bilder – byt ut lågkvalitetsbilder mot bättre.;0.368;12;22;54%;56%;"high_yaw(8); high_pitch(3); no_faces(3)";"high_yaw(18); low_focus(4); high_pitch(4)";0.3080;0.1630;0.4310;0;1;"Hög varians – troligen blandade identiteter i mappen; Ömsesidig förväxling med Juicy Pearl (avstånd 0.431); Hög andel misslyckade bilder (54%)";"Ömsesidig förväxling med Chanty Kitty (avstånd 0.431); Hög andel misslyckade bilder (56%); 1 outlier-embedding(s)"
367;Helena Kim;;Bara 3 träningsbild(er). → Samla fler bilder för att förbättra igenkänningen. | 91% av bilderna misslyckades. → Byt ut dåliga bilder mot tydligare ansiktsfoton.;0.367;3;;91%;;"high_yaw(26); no_faces(2); multiple_faces(1)";;0.1523;;0.6777;0;;"Mycket få träningsbilder (3 st); Hög andel misslyckade bilder (91%)";
368;Stacy Savage;Antonia Stokes;Hög varians i Stacy Savage tyder på blandade identiteter. → Granska bilderna i mappen och flytta felplacerade bilder till rätt person. | Stacy Savage har 78% misslyckade bilder – byt ut lågkvalitetsbilder mot bättre. | Antonia Stokes har 56% misslyckade bilder – byt ut lågkvalitetsbilder mot bättre.;0.367;9;22;78%;56%;"high_yaw(25); no_faces(6)";"high_yaw(17); no_faces(8); low_focus(2)";0.2849;0.2194;0.5842;1;2;"Medelhög varians – möjligen blandade bilder; Ömsesidig förväxling med Antonia Stokes (avstånd 0.584); Hög andel misslyckade bilder (78%); 1 outlier-embedding(s)";"Medelhög varians – möjligen blandade bilder; Ömsesidig förväxling med Stacy Savage (avstånd 0.584); Hög andel misslyckade bilder (56%); 2 outlier-embedding(s)"
369;Valda Silva;;Låg men mätbar osäkerhet – ingen akut åtgärd krävs.;0.367;4;;43%;;"high_yaw(1); high_pitch(1); low_focus(1)";;0.2821;;0.6544;0;;"Få träningsbilder (4 st); Medelhög varians – möjligen blandade bilder";
370;Brooke Marks;;64% av bilderna misslyckades. → Byt ut dåliga bilder mot tydligare ansiktsfoton.;0.367;4;;64%;;"high_pitch(4); high_yaw(3)";;0.2403;;0.6410;0;;"Få träningsbilder (4 st); Medelhög varians – möjligen blandade bilder; Hög andel misslyckade bilder (64%)";
371;Gen Padova;Giulia Borio;Personerna har liknande ansiktsdrag (avstånd 0.666). → Kontrollera att bilderna ligger i rätt mappar. Överväg att lägga till fler distinkta bilder. | Gen Padova har 90% misslyckade bilder – byt ut lågkvalitetsbilder mot bättre.;0.367;5;25;90%;46%;"no_faces(27); high_yaw(15); low_focus(3)";"high_yaw(12); no_faces(5); high_pitch(3)";0.2204;0.1944;0.6664;0;2;"Få träningsbilder (5 st); Medelhög varians – möjligen blandade bilder; Ömsesidig förväxling med Giulia Borio (avstånd 0.666); Hög andel misslyckade bilder (90%)";"Ömsesidig förväxling med Gen Padova (avstånd 0.666); 2 outlier-embedding(s)"
372;Ionie Luv Coxx;;Hög varians tyder på att mappen innehåller bilder av flera personer. → Granska och rensa mappen. | 71% av bilderna misslyckades. → Byt ut dåliga bilder mot tydligare ansiktsfoton.;0.367;7;;71%;;"high_yaw(15); low_focus(1); high_pitch(1)";;0.3253;;0.6406;0;;"Få träningsbilder (7 st); Hög varians – troligen blandade identiteter i mappen; Hög andel misslyckade bilder (71%)";
373;Shino Nakamura;Harumi Okuno;Personerna har liknande ansiktsdrag (avstånd 0.570). → Kontrollera att bilderna ligger i rätt mappar. Överväg att lägga till fler distinkta bilder. | Shino Nakamura har 94% misslyckade bilder – byt ut lågkvalitetsbilder mot bättre. | Harumi Okuno har 90% misslyckade bilder – byt ut lågkvalitetsbilder mot bättre. | Shino Nakamura har bara 3 bilder – samla fler träningsbilder.;0.367;3;5;94%;90%;"high_yaw(28); no_faces(10); low_focus(8)";"no_faces(32); high_yaw(7); low_focus(5)";0.1063;0.0785;0.5698;0;0;"Mycket få träningsbilder (3 st); Ömsesidig förväxling med Harumi Okuno (avstånd 0.570); Hög andel misslyckade bilder (94%)";"Få träningsbilder (5 st); Ömsesidig förväxling med Shino Nakamura (avstånd 0.570); Hög andel misslyckade bilder (90%)"
374;Ksusha Krasivchik;;Låg men mätbar osäkerhet – ingen akut åtgärd krävs.;0.366;4;;43%;;"high_yaw(2); high_pitch(1)";;0.2803;;0.6349;0;;"Få träningsbilder (4 st); Medelhög varians – möjligen blandade bilder";
375;Rhianna Rose;;Bara 2 träningsbild(er). → Samla fler bilder för att förbättra igenkänningen. | 90% av bilderna misslyckades. → Byt ut dåliga bilder mot tydligare ansiktsfoton.;0.366;2;;90%;;"high_yaw(7); low_focus(7); no_faces(2)";;0.1180;;0.6331;0;;"Mycket få träningsbilder (2 st); Hög andel misslyckade bilder (90%)";
376;Rebecca Ferratti;;53% av bilderna misslyckades. → Byt ut dåliga bilder mot tydligare ansiktsfoton.;0.366;7;;53%;;"high_yaw(7); low_focus(1)";;0.2637;;0.6782;1;;"Få träningsbilder (7 st); Medelhög varians – möjligen blandade bilder; Hög andel misslyckade bilder (53%); 1 outlier-embedding(s)";
377;Stella Baby;;89% av bilderna misslyckades. → Byt ut dåliga bilder mot tydligare ansiktsfoton.;0.366;4;;89%;;"no_faces(17); high_yaw(14); low_focus(2)";;0.1864;;0.6131;0;;"Få träningsbilder (4 st); Hög andel misslyckade bilder (89%)";
378;Jessica Sexin;;Hög varians tyder på att mappen innehåller bilder av flera personer. → Granska och rensa mappen. | 84% av bilderna misslyckades. → Byt ut dåliga bilder mot tydligare ansiktsfoton.;0.366;8;;84%;;"no_faces(20); high_yaw(14); low_focus(6)";;0.3304;;0.6873;0;;"Hög varians – troligen blandade identiteter i mappen; Hög andel misslyckade bilder (84%)";
379;Kira W;;90% av bilderna misslyckades. → Byt ut dåliga bilder mot tydligare ansiktsfoton.;0.366;5;;90%;;"no_faces(18); high_yaw(17); low_focus(6)";;0.2181;;0.6640;0;;"Få träningsbilder (5 st); Medelhög varians – möjligen blandade bilder; Hög andel misslyckade bilder (90%)";
380;Jenny King;Coco Bianca;Personerna har liknande ansiktsdrag (avstånd 0.555). → Kontrollera att bilderna ligger i rätt mappar. Överväg att lägga till fler distinkta bilder. | Coco Bianca har 76% misslyckade bilder – byt ut lågkvalitetsbilder mot bättre.;0.366;4;12;43%;76%;"high_pitch(2); high_yaw(1)";"high_yaw(20); no_faces(18)";0.2199;0.1999;0.5546;0;1;"Få träningsbilder (4 st); Medelhög varians – möjligen blandade bilder; Ömsesidig förväxling med Coco Bianca (avstånd 0.555)";"Ömsesidig förväxling med Jenny King (avstånd 0.555); Hög andel misslyckade bilder (76%); 1 outlier-embedding(s)"
381;AJ Estrada;;60% av bilderna misslyckades. → Byt ut dåliga bilder mot tydligare ansiktsfoton.;0.365;6;;60%;;"high_yaw(6); low_focus(2); high_pitch(1)";;0.1999;;0.6616;1;;"Få träningsbilder (6 st); Hög andel misslyckade bilder (60%); 1 outlier-embedding(s)";
382;Angella Black;;55% av bilderna misslyckades. → Byt ut dåliga bilder mot tydligare ansiktsfoton.;0.365;5;;55%;;high_yaw(6);;0.2885;;0.6567;0;;"Få träningsbilder (5 st); Medelhög varians – möjligen blandade bilder; Hög andel misslyckade bilder (55%)";
383;Niki Meow;;Bara 2 träningsbild(er). → Samla fler bilder för att förbättra igenkänningen. | 89% av bilderna misslyckades. → Byt ut dåliga bilder mot tydligare ansiktsfoton.;0.365;2;;89%;;"low_focus(10); high_yaw(5); high_pitch(2)";;0.1184;;0.6681;0;;"Mycket få träningsbilder (2 st); Hög andel misslyckade bilder (89%)";
384;Magnificent Lynx;Kristine Kahill;Personerna har liknande ansiktsdrag (avstånd 0.637). → Kontrollera att bilderna ligger i rätt mappar. Överväg att lägga till fler distinkta bilder. | Magnificent Lynx har 57% misslyckade bilder – byt ut lågkvalitetsbilder mot bättre. | Kristine Kahill har 58% misslyckade bilder – byt ut lågkvalitetsbilder mot bättre.;0.365;6;21;57%;58%;"high_yaw(5); high_pitch(3)";"high_yaw(14); low_focus(7); high_pitch(5)";0.2052;0.2255;0.6373;1;2;"Få träningsbilder (6 st); Medelhög varians – möjligen blandade bilder; Ömsesidig förväxling med Kristine Kahill (avstånd 0.637); Hög andel misslyckade bilder (57%); 1 outlier-embedding(s)";"Medelhög varians – möjligen blandade bilder; Ömsesidig förväxling med Magnificent Lynx (avstånd 0.637); Hög andel misslyckade bilder (58%); 2 outlier-embedding(s)"
385;Jayne Mansfield;;Bara 2 träningsbild(er). → Samla fler bilder för att förbättra igenkänningen. | 80% av bilderna misslyckades. → Byt ut dåliga bilder mot tydligare ansiktsfoton.;0.365;2;;80%;;ok(8);;0.1372;;0.6653;0;;"Mycket få träningsbilder (2 st); Hög andel misslyckade bilder (80%)";
386;Vivienne La Roche;;67% av bilderna misslyckades. → Byt ut dåliga bilder mot tydligare ansiktsfoton.;0.365;7;;67%;;ok(8);;0.2349;;0.6490;1;;"Få träningsbilder (7 st); Medelhög varians – möjligen blandade bilder; Hög andel misslyckade bilder (67%); 1 outlier-embedding(s)";
387;Roxy Delani;;Bara 2 träningsbild(er). → Samla fler bilder för att förbättra igenkänningen. | 75% av bilderna misslyckades. → Byt ut dåliga bilder mot tydligare ansiktsfoton.;0.365;2;;75%;;"high_yaw(5); high_pitch(1)";;0.1461;;0.7424;0;;"Mycket få träningsbilder (2 st); Hög andel misslyckade bilder (75%)";
388;Nessa Shine;;Bara 2 träningsbild(er). → Samla fler bilder för att förbättra igenkänningen. | 87% av bilderna misslyckades. → Byt ut dåliga bilder mot tydligare ansiktsfoton.;0.365;2;;87%;;"no_faces(9); high_yaw(4)";;0.1227;;0.6883;0;;"Mycket få träningsbilder (2 st); Hög andel misslyckade bilder (87%)";
389;Anne Marie Fox;;Låg men mätbar osäkerhet – ingen akut åtgärd krävs.;0.364;4;;43%;;"high_yaw(2); low_focus(1)";;0.2765;;0.7102;0;;"Få träningsbilder (4 st); Medelhög varians – möjligen blandade bilder";
390;Jasmine Jade;;86% av bilderna misslyckades. → Byt ut dåliga bilder mot tydligare ansiktsfoton.;0.364;7;;86%;;"no_faces(29); high_yaw(14)";;0.2902;;0.6878;0;;"Få träningsbilder (7 st); Medelhög varians – möjligen blandade bilder; Hög andel misslyckade bilder (86%)";
391;Eva Quinn;;58% av bilderna misslyckades. → Byt ut dåliga bilder mot tydligare ansiktsfoton.;0.364;5;;58%;;"high_yaw(6); no_faces(1)";;0.2785;;0.7085;0;;"Få träningsbilder (5 st); Medelhög varians – möjligen blandade bilder; Hög andel misslyckade bilder (58%)";
392;Sammi Starfish;;84% av bilderna misslyckades. → Byt ut dåliga bilder mot tydligare ansiktsfoton.;0.364;8;;84%;;"no_faces(27); high_yaw(13); high_pitch(2)";;0.2438;;0.7050;1;;"Medelhög varians – möjligen blandade bilder; Hög andel misslyckade bilder (84%); 1 outlier-embedding(s)";
393;Ailyn Tattoo;;Bara 2 träningsbild(er). → Samla fler bilder för att förbättra igenkänningen. | 67% av bilderna misslyckades. → Byt ut dåliga bilder mot tydligare ansiktsfoton.;0.364;2;;67%;;ok(4);;0.1617;;0.7249;0;;"Mycket få träningsbilder (2 st); Hög andel misslyckade bilder (67%)";
394;Sylvia Diamond;Jesse James;Personerna har liknande ansiktsdrag (avstånd 0.641). → Kontrollera att bilderna ligger i rätt mappar. Överväg att lägga till fler distinkta bilder. | Sylvia Diamond har 87% misslyckade bilder – byt ut lågkvalitetsbilder mot bättre. | Jesse James har 63% misslyckade bilder – byt ut lågkvalitetsbilder mot bättre. | Sylvia Diamond har bara 2 bilder – samla fler träningsbilder.;0.364;2;11;87%;63%;"high_yaw(7); no_faces(5); low_focus(1)";"high_yaw(15); high_pitch(4)";0.1214;0.2032;0.6410;0;1;"Mycket få träningsbilder (2 st); Ömsesidig förväxling med Jesse James (avstånd 0.641); Hög andel misslyckade bilder (87%)";"Medelhög varians – möjligen blandade bilder; Ömsesidig förväxling med Sylvia Diamond (avstånd 0.641); Hög andel misslyckade bilder (63%); 1 outlier-embedding(s)"
395;Aya Beshen;;67% av bilderna misslyckades. → Byt ut dåliga bilder mot tydligare ansiktsfoton.;0.364;5;;67%;;"high_yaw(7); high_pitch(3)";;0.2613;;0.6804;0;;"Få träningsbilder (5 st); Medelhög varians – möjligen blandade bilder; Hög andel misslyckade bilder (67%)";
396;Sidra Sage;;60% av bilderna misslyckades. → Byt ut dåliga bilder mot tydligare ansiktsfoton.;0.364;6;;60%;;"high_yaw(8); high_pitch(1)";;0.1969;;0.6800;1;;"Få träningsbilder (6 st); Hög andel misslyckade bilder (60%); 1 outlier-embedding(s)";
397;Jacinta Bee;;56% av bilderna misslyckades. → Byt ut dåliga bilder mot tydligare ansiktsfoton.;0.364;4;;56%;;"high_yaw(4); low_focus(1)";;0.2501;;0.6703;0;;"Få träningsbilder (4 st); Medelhög varians – möjligen blandade bilder; Hög andel misslyckade bilder (56%)";
398;Brooke Beretta;;84% av bilderna misslyckades. → Byt ut dåliga bilder mot tydligare ansiktsfoton.;0.364;8;;84%;;"high_yaw(20); low_focus(11); no_faces(10)";;0.2430;;0.6530;1;;"Medelhög varians – möjligen blandade bilder; Hög andel misslyckade bilder (84%); 1 outlier-embedding(s)";
399;Kathy Ramos;;Bara 3 träningsbild(er). → Samla fler bilder för att förbättra igenkänningen. | 57% av bilderna misslyckades. → Byt ut dåliga bilder mot tydligare ansiktsfoton.;0.364;3;;57%;;high_yaw(4);;0.2134;;0.6846;0;;"Mycket få träningsbilder (3 st); Medelhög varians – möjligen blandade bilder; Hög andel misslyckade bilder (57%)";
400;Sophie Aliza;;Bara 2 träningsbild(er). → Samla fler bilder för att förbättra igenkänningen. | 78% av bilderna misslyckades. → Byt ut dåliga bilder mot tydligare ansiktsfoton.;0.364;2;;78%;;ok(7);;0.1384;;0.6986;0;;"Mycket få träningsbilder (2 st); Hög andel misslyckade bilder (78%)";
401;Jess Wakefield;;Bara 2 träningsbild(er). → Samla fler bilder för att förbättra igenkänningen. | 82% av bilderna misslyckades. → Byt ut dåliga bilder mot tydligare ansiktsfoton.;0.364;2;;82%;;"high_yaw(8); low_focus(1)";;0.1303;;0.6377;0;;"Mycket få träningsbilder (2 st); Hög andel misslyckade bilder (82%)";
402;Vanessa Virgin;;79% av bilderna misslyckades. → Byt ut dåliga bilder mot tydligare ansiktsfoton.;0.364;6;;79%;;"no_faces(10); high_yaw(6); low_focus(5)";;0.1589;;0.7063;1;;"Få träningsbilder (6 st); Hög andel misslyckade bilder (79%); 1 outlier-embedding(s)";
403;Sandy Lou;;Bara 2 träningsbild(er). → Samla fler bilder för att förbättra igenkänningen. | 86% av bilderna misslyckades. → Byt ut dåliga bilder mot tydligare ansiktsfoton.;0.364;2;;86%;;"low_focus(5); no_faces(4); high_yaw(3)";;0.1223;;0.6910;0;;"Mycket få träningsbilder (2 st); Hög andel misslyckade bilder (86%)";
404;Dani Divine;;86% av bilderna misslyckades. → Byt ut dåliga bilder mot tydligare ansiktsfoton.;0.363;7;;86%;;"high_yaw(24); low_focus(11); no_faces(6)";;0.1931;;0.6438;1;;"Få träningsbilder (7 st); Hög andel misslyckade bilder (86%); 1 outlier-embedding(s)";
405;Yennie Hoang;;Bara 2 träningsbild(er). → Samla fler bilder för att förbättra igenkänningen. | 75% av bilderna misslyckades. → Byt ut dåliga bilder mot tydligare ansiktsfoton.;0.363;2;;75%;;"high_yaw(4); high_pitch(2)";;0.1437;;0.6518;0;;"Mycket få träningsbilder (2 st); Hög andel misslyckade bilder (75%)";
406;Carmela Clutch;;Hög varians tyder på att mappen innehåller bilder av flera personer. → Granska och rensa mappen. | 73% av bilderna misslyckades. → Byt ut dåliga bilder mot tydligare ansiktsfoton.;0.363;9;;73%;;"high_yaw(11); no_faces(8); low_focus(4)";;0.3069;;0.6239;1;;"Hög varians – troligen blandade identiteter i mappen; Hög andel misslyckade bilder (73%); 1 outlier-embedding(s)";
407;Yuki Maya;;86% av bilderna misslyckades. → Byt ut dåliga bilder mot tydligare ansiktsfoton.;0.363;7;;86%;;"high_yaw(27); low_focus(14); no_faces(1)";;0.1921;;0.6187;1;;"Få träningsbilder (7 st); Hög andel misslyckade bilder (86%); 1 outlier-embedding(s)";
408;Felicity Grace;;Bara 3 träningsbild(er). → Samla fler bilder för att förbättra igenkänningen. | 70% av bilderna misslyckades. → Byt ut dåliga bilder mot tydligare ansiktsfoton.;0.363;3;;70%;;ok(7);;0.1853;;0.6434;0;;"Mycket få träningsbilder (3 st); Hög andel misslyckade bilder (70%)";
409;Violet Whisper;;Bara 3 träningsbild(er). → Samla fler bilder för att förbättra igenkänningen. | 67% av bilderna misslyckades. → Byt ut dåliga bilder mot tydligare ansiktsfoton.;0.363;3;;67%;;"high_yaw(2); low_focus(2); no_faces(1)";;0.1919;;0.6803;0;;"Mycket få träningsbilder (3 st); Hög andel misslyckade bilder (67%)";
410;Savanna Samson;Rhyse Richardson;Personerna har liknande ansiktsdrag (avstånd 0.631). → Kontrollera att bilderna ligger i rätt mappar. Överväg att lägga till fler distinkta bilder. | Savanna Samson har 60% misslyckade bilder – byt ut lågkvalitetsbilder mot bättre. | Rhyse Richardson har 73% misslyckade bilder – byt ut lågkvalitetsbilder mot bättre. | Rhyse Richardson har bara 3 bilder – samla fler träningsbilder.;0.362;6;3;60%;73%;"high_yaw(7); high_pitch(2)";ok(8);0.1939;0.1773;0.6315;1;0;"Få träningsbilder (6 st); Ömsesidig förväxling med Rhyse Richardson (avstånd 0.631); Hög andel misslyckade bilder (60%); 1 outlier-embedding(s)";"Mycket få träningsbilder (3 st); Ömsesidig förväxling med Savanna Samson (avstånd 0.631); Hög andel misslyckade bilder (73%)"
411;Ashley Aleigh;;67% av bilderna misslyckades. → Byt ut dåliga bilder mot tydligare ansiktsfoton.;0.362;6;;67%;;"high_yaw(11); low_focus(1)";;0.1800;;0.6789;1;;"Få träningsbilder (6 st); Hög andel misslyckade bilder (67%); 1 outlier-embedding(s)";
412;Sedenna;;75% av bilderna misslyckades. → Byt ut dåliga bilder mot tydligare ansiktsfoton.;0.362;4;;75%;;"no_faces(10); high_yaw(1); low_focus(1)";;0.2077;;0.7159;0;;"Få träningsbilder (4 st); Medelhög varians – möjligen blandade bilder; Hög andel misslyckade bilder (75%)";
413;Clayra Beau;;Bara 2 träningsbild(er). → Samla fler bilder för att förbättra igenkänningen. | 85% av bilderna misslyckades. → Byt ut dåliga bilder mot tydligare ansiktsfoton.;0.362;2;;85%;;"high_yaw(7); no_faces(2); high_pitch(1)";;0.1217;;0.6821;0;;"Mycket få träningsbilder (2 st); Hög andel misslyckade bilder (85%)";
414;Sexy Pattycake;;Bara 2 träningsbild(er). → Samla fler bilder för att förbättra igenkänningen. | 67% av bilderna misslyckades. → Byt ut dåliga bilder mot tydligare ansiktsfoton.;0.362;2;;67%;;"high_yaw(3); high_pitch(1)";;0.1573;;0.6873;0;;"Mycket få träningsbilder (2 st); Hög andel misslyckade bilder (67%)";
415;Eva Kass;;Bara 2 träningsbild(er). → Samla fler bilder för att förbättra igenkänningen. | 75% av bilderna misslyckades. → Byt ut dåliga bilder mot tydligare ansiktsfoton.;0.362;2;;75%;;"high_yaw(3); low_focus(2); high_pitch(1)";;0.1405;;0.7137;0;;"Mycket få träningsbilder (2 st); Hög andel misslyckade bilder (75%)";
416;Rosa Galindo;;Bara 2 träningsbild(er). → Samla fler bilder för att förbättra igenkänningen. | 85% av bilderna misslyckades. → Byt ut dåliga bilder mot tydligare ansiktsfoton.;0.362;2;;85%;;ok(11);;0.1209;;0.7045;0;;"Mycket få träningsbilder (2 st); Hög andel misslyckade bilder (85%)";
417;Stephanie Renee;;64% av bilderna misslyckades. → Byt ut dåliga bilder mot tydligare ansiktsfoton.;0.362;5;;64%;;"high_pitch(5); high_yaw(3); low_focus(1)";;0.2613;;0.6777;0;;"Få träningsbilder (5 st); Medelhög varians – möjligen blandade bilder; Hög andel misslyckade bilder (64%)";
418;Taurus Angel;;Bara 2 träningsbild(er). → Samla fler bilder för att förbättra igenkänningen. | 75% av bilderna misslyckades. → Byt ut dåliga bilder mot tydligare ansiktsfoton.;0.362;2;;75%;;"high_yaw(5); high_pitch(1)";;0.1397;;0.6924;0;;"Mycket få träningsbilder (2 st); Hög andel misslyckade bilder (75%)";
419;Nicole Austin Coco;;Bara 3 träningsbild(er). → Samla fler bilder för att förbättra igenkänningen. | 62% av bilderna misslyckades. → Byt ut dåliga bilder mot tydligare ansiktsfoton.;0.361;3;;62%;;high_yaw(5);;0.1980;;0.6469;0;;"Mycket få träningsbilder (3 st); Hög andel misslyckade bilder (62%)";
420;Kylee Moore;Alicia Zemani;Personerna har liknande ansiktsdrag (avstånd 0.597). → Kontrollera att bilderna ligger i rätt mappar. Överväg att lägga till fler distinkta bilder. | Kylee Moore har bara 3 bilder – samla fler träningsbilder.;0.361;3;8;50%;43%;"low_focus(1); high_yaw(1); high_pitch(1)";high_yaw(6);0.2189;0.1619;0.5973;0;1;"Mycket få träningsbilder (3 st); Medelhög varians – möjligen blandade bilder; Ömsesidig förväxling med Alicia Zemani (avstånd 0.597)";"Ömsesidig förväxling med Kylee Moore (avstånd 0.597); 1 outlier-embedding(s)"
421;Mia Nix;;Bara 3 träningsbild(er). → Samla fler bilder för att förbättra igenkänningen. | 94% av bilderna misslyckades. → Byt ut dåliga bilder mot tydligare ansiktsfoton.;0.361;3;;94%;;"no_faces(32); high_yaw(10); low_focus(5)";;0.1344;;0.7035;0;;"Mycket få träningsbilder (3 st); Hög andel misslyckade bilder (94%)";
422;Suzie Q Kiu;;76% av bilderna misslyckades. → Byt ut dåliga bilder mot tydligare ansiktsfoton.;0.361;6;;76%;;"high_yaw(11); low_focus(6); high_pitch(2)";;0.1593;;0.6455;1;;"Få träningsbilder (6 st); Hög andel misslyckade bilder (76%); 1 outlier-embedding(s)";
423;Emma Watts;;Bara 3 träningsbild(er). → Samla fler bilder för att förbättra igenkänningen. | 80% av bilderna misslyckades. → Byt ut dåliga bilder mot tydligare ansiktsfoton.;0.361;3;;80%;;"high_yaw(9); low_focus(3)";;0.1619;;0.6690;0;;"Mycket få träningsbilder (3 st); Hög andel misslyckade bilder (80%)";
424;Vikki CWH;;Bara 3 träningsbild(er). → Samla fler bilder för att förbättra igenkänningen.;0.361;3;;40%;;"high_pitch(1); high_yaw(1)";;0.2416;;0.7013;0;;"Mycket få träningsbilder (3 st); Medelhög varians – möjligen blandade bilder";
425;Wynonna Judd;;Låg men mätbar osäkerhet – ingen akut åtgärd krävs.;0.361;6;;33%;;high_yaw(3);;0.2437;;0.6587;1;;"Få träningsbilder (6 st); Medelhög varians – möjligen blandade bilder; 1 outlier-embedding(s)";
426;Hannah West;;57% av bilderna misslyckades. → Byt ut dåliga bilder mot tydligare ansiktsfoton.;0.361;6;;57%;;"high_yaw(7); high_pitch(1)";;0.1960;;0.6552;1;;"Få träningsbilder (6 st); Hög andel misslyckade bilder (57%); 1 outlier-embedding(s)";
427;Natasha Anastasia;;Bara 2 träningsbild(er). → Samla fler bilder för att förbättra igenkänningen. | 71% av bilderna misslyckades. → Byt ut dåliga bilder mot tydligare ansiktsfoton.;0.360;2;;71%;;"high_yaw(3); high_pitch(2)";;0.1446;;0.6631;0;;"Mycket få träningsbilder (2 st); Hög andel misslyckade bilder (71%)";
428;Alina Heels;;Bara 2 träningsbild(er). → Samla fler bilder för att förbättra igenkänningen. | 71% av bilderna misslyckades. → Byt ut dåliga bilder mot tydligare ansiktsfoton.;0.360;2;;71%;;"high_yaw(4); low_focus(1)";;0.1444;;0.6231;0;;"Mycket få träningsbilder (2 st); Hög andel misslyckade bilder (71%)";
429;Sinead;Danielle King;Personerna har liknande ansiktsdrag (avstånd 0.598). → Kontrollera att bilderna ligger i rätt mappar. Överväg att lägga till fler distinkta bilder. | Sinead har 81% misslyckade bilder – byt ut lågkvalitetsbilder mot bättre. | Sinead har bara 3 bilder – samla fler träningsbilder.;0.360;3;25;81%;43%;"no_faces(7); high_yaw(5); high_pitch(1)";"high_yaw(16); low_focus(1); high_pitch(1)";0.1558;0.2278;0.5984;0;1;"Mycket få träningsbilder (3 st); Ömsesidig förväxling med Danielle King (avstånd 0.598); Hög andel misslyckade bilder (81%)";"Medelhög varians – möjligen blandade bilder; Ömsesidig förväxling med Sinead (avstånd 0.598); 1 outlier-embedding(s)"
430;Laura Angel;Sovereign Syre;Hög varians i Sovereign Syre tyder på blandade identiteter. → Granska bilderna i mappen och flytta felplacerade bilder till rätt person. | Laura Angel har 84% misslyckade bilder – byt ut lågkvalitetsbilder mot bättre. | Sovereign Syre har 74% misslyckade bilder – byt ut lågkvalitetsbilder mot bättre.;0.360;5;13;84%;74%;"high_yaw(16); no_faces(6); high_pitch(2)";"high_yaw(28); low_focus(6); high_pitch(3)";0.2183;0.2697;0.6313;0;1;"Få träningsbilder (5 st); Medelhög varians – möjligen blandade bilder; Ömsesidig förväxling med Sovereign Syre (avstånd 0.631); Hög andel misslyckade bilder (84%)";"Medelhög varians – möjligen blandade bilder; Ömsesidig förväxling med Laura Angel (avstånd 0.631); Hög andel misslyckade bilder (74%); 1 outlier-embedding(s)"
431;Kaylie Karter;;Bara 2 träningsbild(er). → Samla fler bilder för att förbättra igenkänningen. | 67% av bilderna misslyckades. → Byt ut dåliga bilder mot tydligare ansiktsfoton.;0.360;2;;67%;;ok(4);;0.1537;;0.7086;0;;"Mycket få träningsbilder (2 st); Hög andel misslyckade bilder (67%)";
432;Erika Michelle Barre;;64% av bilderna misslyckades. → Byt ut dåliga bilder mot tydligare ansiktsfoton.;0.360;4;;64%;;"high_yaw(4); high_pitch(3)";;0.2263;;0.6669;0;;"Få träningsbilder (4 st); Medelhög varians – möjligen blandade bilder; Hög andel misslyckade bilder (64%)";
433;Amina Sky;;86% av bilderna misslyckades. → Byt ut dåliga bilder mot tydligare ansiktsfoton.;0.360;7;;86%;;"high_yaw(20); no_faces(19); high_pitch(2)";;0.1858;;0.6878;1;;"Få träningsbilder (7 st); Hög andel misslyckade bilder (86%); 1 outlier-embedding(s)";
434;Cassandra Lynn;;Bara 2 träningsbild(er). → Samla fler bilder för att förbättra igenkänningen. | 83% av bilderna misslyckades. → Byt ut dåliga bilder mot tydligare ansiktsfoton.;0.360;2;;83%;;"high_yaw(7); high_pitch(3)";;0.1172;;0.5976;0;;"Mycket få träningsbilder (2 st); Hög andel misslyckade bilder (83%)";
435;Eri Hosaka;Yua Sakurada;Personerna har liknande ansiktsdrag (avstånd 0.550). → Kontrollera att bilderna ligger i rätt mappar. Överväg att lägga till fler distinkta bilder. | Eri Hosaka har 94% misslyckade bilder – byt ut lågkvalitetsbilder mot bättre. | Eri Hosaka har bara 1 bilder – samla fler träningsbilder.;0.360;1;26;94%;40%;"high_yaw(10); low_focus(4); high_pitch(1)";"high_yaw(11); low_focus(4); high_pitch(2)";0.0000;0.2420;0.5497;0;1;"Mycket få träningsbilder (1 st); Ömsesidig förväxling med Yua Sakurada (avstånd 0.550); Hög andel misslyckade bilder (94%)";"Medelhög varians – möjligen blandade bilder; Ömsesidig förväxling med Eri Hosaka (avstånd 0.550); 1 outlier-embedding(s)"
436;Anna Nicole Smith;Julie Lynn Cialini;Hög varians i Anna Nicole Smith tyder på blandade identiteter. → Granska bilderna i mappen och flytta felplacerade bilder till rätt person. | Julie Lynn Cialini har 80% misslyckade bilder – byt ut lågkvalitetsbilder mot bättre. | Julie Lynn Cialini har bara 2 bilder – samla fler träningsbilder.;0.360;7;2;42%;80%;"high_yaw(3); high_pitch(1); low_focus(1)";"no_faces(3); high_yaw(3); high_pitch(2)";0.3691;0.0854;0.6268;0;0;"Få träningsbilder (7 st); Hög varians – troligen blandade identiteter i mappen; Ömsesidig förväxling med Julie Lynn Cialini (avstånd 0.627)";"Mycket få träningsbilder (2 st); Ömsesidig förväxling med Anna Nicole Smith (avstånd 0.627); Hög andel misslyckade bilder (80%)"
437;Eva Love;;Hög varians tyder på att mappen innehåller bilder av flera personer. → Granska och rensa mappen. | 81% av bilderna misslyckades. → Byt ut dåliga bilder mot tydligare ansiktsfoton.;0.359;8;;81%;;"no_faces(21); high_yaw(9); low_focus(3)";;0.3235;;0.6503;0;;"Hög varians – troligen blandade identiteter i mappen; Hög andel misslyckade bilder (81%)";
438;Autumn Viviana;;60% av bilderna misslyckades. → Byt ut dåliga bilder mot tydligare ansiktsfoton.;0.359;6;;60%;;"high_yaw(7); low_focus(1); no_faces(1)";;0.1872;;0.6558;1;;"Få träningsbilder (6 st); Hög andel misslyckade bilder (60%); 1 outlier-embedding(s)";
439;Dymond Rose;;86% av bilderna misslyckades. → Byt ut dåliga bilder mot tydligare ansiktsfoton.;0.359;7;;86%;;"high_yaw(24); no_faces(13); low_focus(3)";;0.1844;;0.6814;1;;"Få träningsbilder (7 st); Hög andel misslyckade bilder (86%); 1 outlier-embedding(s)";
440;Amanda Addams;;Bara 2 träningsbild(er). → Samla fler bilder för att förbättra igenkänningen. | 85% av bilderna misslyckades. → Byt ut dåliga bilder mot tydligare ansiktsfoton.;0.359;2;;85%;;"high_pitch(6); high_yaw(5)";;0.1157;;0.6921;0;;"Mycket få träningsbilder (2 st); Hög andel misslyckade bilder (85%)";
441;Averie Moore;;Hög varians tyder på att mappen innehåller bilder av flera personer. → Granska och rensa mappen.;0.359;7;;42%;;"high_pitch(3); high_yaw(2)";;0.3682;;0.6678;0;;"Få träningsbilder (7 st); Hög varians – troligen blandade identiteter i mappen";
442;Seina Shimabukuro;;Hög varians tyder på att mappen innehåller bilder av flera personer. → Granska och rensa mappen.;0.359;7;;22%;;"high_yaw(1); high_pitch(1)";;0.4071;;0.6647;0;;"Få träningsbilder (7 st); Hög varians – troligen blandade identiteter i mappen";
443;Juliana Almeida;Janelle James;Personerna har liknande ansiktsdrag (avstånd 0.604). → Kontrollera att bilderna ligger i rätt mappar. Överväg att lägga till fler distinkta bilder. | Juliana Almeida har 67% misslyckade bilder – byt ut lågkvalitetsbilder mot bättre. | Janelle James har 59% misslyckade bilder – byt ut lågkvalitetsbilder mot bättre. | Juliana Almeida har bara 2 bilder – samla fler träningsbilder.;0.359;2;17;67%;59%;ok(4);"high_yaw(15); high_pitch(4); no_faces(3)";0.1514;0.1802;0.6041;0;0;"Mycket få träningsbilder (2 st); Ömsesidig förväxling med Janelle James (avstånd 0.604); Hög andel misslyckade bilder (67%)";"Ömsesidig förväxling med Juliana Almeida (avstånd 0.604); Hög andel misslyckade bilder (59%)"
444;Victoria Stephanie;;Bara 3 träningsbild(er). → Samla fler bilder för att förbättra igenkänningen. | 73% av bilderna misslyckades. → Byt ut dåliga bilder mot tydligare ansiktsfoton.;0.359;3;;73%;;"high_yaw(5); no_faces(3)";;0.1720;;0.6756;0;;"Mycket få träningsbilder (3 st); Hög andel misslyckade bilder (73%)";
445;Jet Setting Jasmine;;Bara 3 träningsbild(er). → Samla fler bilder för att förbättra igenkänningen. | 80% av bilderna misslyckades. → Byt ut dåliga bilder mot tydligare ansiktsfoton.;0.359;3;;80%;;"high_yaw(11); high_pitch(1)";;0.1574;;0.6719;0;;"Mycket få träningsbilder (3 st); Hög andel misslyckade bilder (80%)";
446;Jayd Lovely;;Hög varians tyder på att mappen innehåller bilder av flera personer. → Granska och rensa mappen.;0.359;4;;20%;;high_yaw(1);;0.3105;;0.6495;0;;"Få träningsbilder (4 st); Hög varians – troligen blandade identiteter i mappen";
447;The Tantra Twins;;Bara 3 träningsbild(er). → Samla fler bilder för att förbättra igenkänningen. | 97% av bilderna misslyckades. → Byt ut dåliga bilder mot tydligare ansiktsfoton.;0.359;3;;97%;;"multiple_faces(112); high_pitch(1)";;0.1222;;0.6729;0;;"Mycket få träningsbilder (3 st); Hög andel misslyckade bilder (97%)";
448;Anasteziya Bush;;Låg men mätbar osäkerhet – ingen akut åtgärd krävs.;0.358;5;;50%;;"high_pitch(3); high_yaw(2)";;0.2836;;0.6766;0;;"Få träningsbilder (5 st); Medelhög varians – möjligen blandade bilder";
449;Idoia Durante;;64% av bilderna misslyckades. → Byt ut dåliga bilder mot tydligare ansiktsfoton.;0.358;4;;64%;;"high_yaw(6); high_pitch(1)";;0.2227;;0.6767;0;;"Få träningsbilder (4 st); Medelhög varians – möjligen blandade bilder; Hög andel misslyckade bilder (64%)";
450;Yayoi Yanagida;Ayako Fuji;Personerna har liknande ansiktsdrag (avstånd 0.586). → Kontrollera att bilderna ligger i rätt mappar. Överväg att lägga till fler distinkta bilder. | Yayoi Yanagida har 88% misslyckade bilder – byt ut lågkvalitetsbilder mot bättre.;0.358;6;17;88%;50%;"high_yaw(25); low_focus(10); no_faces(8)";"high_yaw(15); high_pitch(1); no_faces(1)";0.2223;0.1270;0.5859;0;0;"Få träningsbilder (6 st); Medelhög varians – möjligen blandade bilder; Ömsesidig förväxling med Ayako Fuji (avstånd 0.586); Hög andel misslyckade bilder (88%)";Ömsesidig förväxling med Yayoi Yanagida (avstånd 0.586)
451;Sanae Momoi;;79% av bilderna misslyckades. → Byt ut dåliga bilder mot tydligare ansiktsfoton.;0.358;6;;79%;;"high_yaw(13); low_focus(4); high_pitch(3)";;0.1479;;0.6701;1;;"Få träningsbilder (6 st); Hög andel misslyckade bilder (79%); 1 outlier-embedding(s)";
452;Kira Brooks;;Bara 2 träningsbild(er). → Samla fler bilder för att förbättra igenkänningen. | 78% av bilderna misslyckades. → Byt ut dåliga bilder mot tydligare ansiktsfoton.;0.358;2;;78%;;"high_yaw(5); high_pitch(1); low_focus(1)";;0.1271;;0.6949;0;;"Mycket få träningsbilder (2 st); Hög andel misslyckade bilder (78%)";
453;Victoria Shine;Victoria Rush;Namnen är nästan identiska – troligen samma person. → MERGE: Slå ihop 'Victoria Shine' och 'Victoria Rush' i merge.txt. | Victoria Shine har 67% misslyckade bilder – byt ut lågkvalitetsbilder mot bättre. | Victoria Shine har bara 2 bilder – samla fler träningsbilder.;0.358;2;18;67%;0%;"high_yaw(20); low_focus(11); no_faces(5)";;0.1189;0.2278;0.5775;0;1;"Mycket få träningsbilder (2 st); Ömsesidig förväxling med Victoria Rush (avstånd 0.578); Hög andel misslyckade bilder (67%)";"Medelhög varians – möjligen blandade bilder; Ömsesidig förväxling med Victoria Shine (avstånd 0.578); 1 outlier-embedding(s)"
454;Samantha Buxton;;57% av bilderna misslyckades. → Byt ut dåliga bilder mot tydligare ansiktsfoton.;0.358;6;;57%;;"high_yaw(7); high_pitch(1)";;0.1905;;0.6656;1;;"Få träningsbilder (6 st); Hög andel misslyckade bilder (57%); 1 outlier-embedding(s)";
455;Victoria Knight;;Bara 2 träningsbild(er). → Samla fler bilder för att förbättra igenkänningen. | 88% av bilderna misslyckades. → Byt ut dåliga bilder mot tydligare ansiktsfoton.;0.358;2;;88%;;"no_faces(8); high_yaw(6)";;0.1075;;0.6603;0;;"Mycket få träningsbilder (2 st); Hög andel misslyckade bilder (88%)";
456;Viktoria Gromova;;Bara 2 träningsbild(er). → Samla fler bilder för att förbättra igenkänningen. | 89% av bilderna misslyckades. → Byt ut dåliga bilder mot tydligare ansiktsfoton.;0.358;2;;89%;;"high_yaw(14); low_focus(3)";;0.1035;;0.6576;0;;"Mycket få träningsbilder (2 st); Hög andel misslyckade bilder (89%)";
457;Bella Hally;;54% av bilderna misslyckades. → Byt ut dåliga bilder mot tydligare ansiktsfoton.;0.358;6;;54%;;"high_yaw(5); high_pitch(2)";;0.1968;;0.7002;1;;"Få träningsbilder (6 st); Hög andel misslyckade bilder (54%); 1 outlier-embedding(s)";
458;Sharon Amore;;Bara 3 träningsbild(er). → Samla fler bilder för att förbättra igenkänningen.;0.358;3;;50%;;"high_yaw(2); no_faces(1)";;0.2154;;0.8076;0;;"Mycket få träningsbilder (3 st); Medelhög varians – möjligen blandade bilder";
459;Aimee Luis;;60% av bilderna misslyckades. → Byt ut dåliga bilder mot tydligare ansiktsfoton.;0.358;6;;60%;;"high_yaw(8); high_pitch(1)";;0.1842;;0.6555;1;;"Få träningsbilder (6 st); Hög andel misslyckade bilder (60%); 1 outlier-embedding(s)";
460;Rihanna Alexandra;;58% av bilderna misslyckades. → Byt ut dåliga bilder mot tydligare ansiktsfoton.;0.358;5;;58%;;"high_yaw(5); high_pitch(2)";;0.2652;;0.6871;0;;"Få träningsbilder (5 st); Medelhög varians – möjligen blandade bilder; Hög andel misslyckade bilder (58%)";
461;Chun Li;Rin Nohara;Personerna har liknande ansiktsdrag (avstånd 0.573). → Kontrollera att bilderna ligger i rätt mappar. Överväg att lägga till fler distinkta bilder. | Rin Nohara har 71% misslyckade bilder – byt ut lågkvalitetsbilder mot bättre. | Rin Nohara har bara 2 bilder – samla fler träningsbilder.;0.358;4;2;50%;71%;"high_yaw(3); high_pitch(1)";"high_yaw(3); no_faces(2)";0.2135;0.0617;0.5730;0;0;"Få träningsbilder (4 st); Medelhög varians – möjligen blandade bilder; Ömsesidig förväxling med Rin Nohara (avstånd 0.573)";"Mycket få träningsbilder (2 st); Ömsesidig förväxling med Chun Li (avstånd 0.573); Hög andel misslyckade bilder (71%)"
462;Paulina Pulse;;Bara 2 träningsbild(er). → Samla fler bilder för att förbättra igenkänningen. | 75% av bilderna misslyckades. → Byt ut dåliga bilder mot tydligare ansiktsfoton.;0.358;2;;75%;;"high_yaw(5); low_focus(1)";;0.1317;;0.6755;0;;"Mycket få träningsbilder (2 st); Hög andel misslyckade bilder (75%)";
463;Barbara Edwards;;64% av bilderna misslyckades. → Byt ut dåliga bilder mot tydligare ansiktsfoton.;0.357;4;;64%;;"high_yaw(4); no_faces(3)";;0.2209;;0.6839;0;;"Få träningsbilder (4 st); Medelhög varians – möjligen blandade bilder; Hög andel misslyckade bilder (64%)";
464;Gina Cherie;Angelica Castro;Hög varians i Gina Cherie tyder på blandade identiteter. → Granska bilderna i mappen och flytta felplacerade bilder till rätt person. | Gina Cherie har 74% misslyckade bilder – byt ut lågkvalitetsbilder mot bättre. | Angelica Castro har 57% misslyckade bilder – byt ut lågkvalitetsbilder mot bättre. | Angelica Castro har bara 3 bilder – samla fler träningsbilder.;0.357;13;3;74%;57%;"high_yaw(15); no_faces(15); low_focus(6)";"high_yaw(2); low_focus(2)";0.5908;0.1334;0.6549;0;0;"Hög varians – troligen blandade identiteter i mappen; Ömsesidig förväxling med Angelica Castro (avstånd 0.655); Hög andel misslyckade bilder (74%)";"Mycket få träningsbilder (3 st); Ömsesidig förväxling med Gina Cherie (avstånd 0.655); Hög andel misslyckade bilder (57%)"
465;Inga Eff;;Hög varians tyder på att mappen innehåller bilder av flera personer. → Granska och rensa mappen.;0.357;5;;38%;;high_yaw(3);;0.3063;;0.6829;0;;"Få träningsbilder (5 st); Hög varians – troligen blandade identiteter i mappen";
466;Rui Hazuki;;92% av bilderna misslyckades. → Byt ut dåliga bilder mot tydligare ansiktsfoton.;0.357;5;;92%;;"high_yaw(26); no_faces(12); low_focus(9)";;0.1591;;0.5621;0;;"Få träningsbilder (5 st); Hög andel misslyckade bilder (92%)";
467;Ashleigh Marie;;Bara 2 träningsbild(er). → Samla fler bilder för att förbättra igenkänningen. | 78% av bilderna misslyckades. → Byt ut dåliga bilder mot tydligare ansiktsfoton.;0.357;2;;78%;;"high_yaw(6); high_pitch(1)";;0.1252;;0.6758;0;;"Mycket få träningsbilder (2 st); Hög andel misslyckade bilder (78%)";
468;Sharon Engert;;Hög varians tyder på att mappen innehåller bilder av flera personer. → Granska och rensa mappen.;0.357;7;;42%;;high_yaw(5);;0.3640;;0.6941;0;;"Få träningsbilder (7 st); Hög varians – troligen blandade identiteter i mappen";
469;Lola Milano;Alexa Jaymes;Personerna har liknande ansiktsdrag (avstånd 0.333). → Kontrollera att bilderna ligger i rätt mappar. Överväg att lägga till fler distinkta bilder. | Lola Milano har 60% misslyckade bilder – byt ut lågkvalitetsbilder mot bättre.;0.357;36;11;60%;31%;"no_faces(15); high_yaw(9); high_pitch(4)";"high_yaw(3); no_faces(2)";0.2103;0.1098;0.3335;2;0;"Medelhög varians – möjligen blandade bilder; Ömsesidig förväxling med Alexa Jaymes (avstånd 0.333); Hög andel misslyckade bilder (60%); 2 outlier-embedding(s)";Ömsesidig förväxling med Lola Milano (avstånd 0.333)
470;Roza Abdurazakova;;Bara 3 träningsbild(er). → Samla fler bilder för att förbättra igenkänningen. | 73% av bilderna misslyckades. → Byt ut dåliga bilder mot tydligare ansiktsfoton.;0.357;3;;73%;;"high_yaw(5); low_focus(2); high_pitch(1)";;0.1684;;0.6677;0;;"Mycket få träningsbilder (3 st); Hög andel misslyckade bilder (73%)";
471;Carrie Cash;;71% av bilderna misslyckades. → Byt ut dåliga bilder mot tydligare ansiktsfoton.;0.357;4;;71%;;"no_faces(5); high_yaw(4); high_pitch(1)";;0.2042;;0.6881;0;;"Få träningsbilder (4 st); Medelhög varians – möjligen blandade bilder; Hög andel misslyckade bilder (71%)";
472;Font Monikar;Jang Jie Ling;Personerna har liknande ansiktsdrag (avstånd 0.565). → Kontrollera att bilderna ligger i rätt mappar. Överväg att lägga till fler distinkta bilder. | Font Monikar har 85% misslyckade bilder – byt ut lågkvalitetsbilder mot bättre.;0.357;4;20;85%;29%;"high_yaw(19); low_focus(3)";"high_yaw(6); high_pitch(2)";0.1326;0.1673;0.5653;0;2;"Få träningsbilder (4 st); Ömsesidig förväxling med Jang Jie Ling (avstånd 0.565); Hög andel misslyckade bilder (85%)";"Ömsesidig förväxling med Font Monikar (avstånd 0.565); 2 outlier-embedding(s)"
473;Bonnie Parker;;Låg men mätbar osäkerhet – ingen akut åtgärd krävs.;0.357;6;;14%;;high_pitch(1);;0.2737;;0.7198;1;;"Få träningsbilder (6 st); Medelhög varians – möjligen blandade bilder; 1 outlier-embedding(s)";
474;Kinsley White;;Låg men mätbar osäkerhet – ingen akut åtgärd krävs.;0.357;6;;50%;;"high_yaw(4); high_pitch(2)";;0.2023;;0.6653;1;;"Få träningsbilder (6 st); Medelhög varians – möjligen blandade bilder; 1 outlier-embedding(s)";
475;Tiffany Crystal;;81% av bilderna misslyckades. → Byt ut dåliga bilder mot tydligare ansiktsfoton.;0.357;4;;81%;;"low_focus(6); high_yaw(5); no_faces(4)";;0.1848;;0.6935;0;;"Få träningsbilder (4 st); Hög andel misslyckade bilder (81%)";
476;Devin Lee;;Bara 2 träningsbild(er). → Samla fler bilder för att förbättra igenkänningen. | 80% av bilderna misslyckades. → Byt ut dåliga bilder mot tydligare ansiktsfoton.;0.357;2;;80%;;"high_yaw(4); high_pitch(2); low_focus(2)";;0.1198;;0.6425;0;;"Mycket få träningsbilder (2 st); Hög andel misslyckade bilder (80%)";
477;Alena Sibilova;;Bara 3 träningsbild(er). → Samla fler bilder för att förbättra igenkänningen. | 86% av bilderna misslyckades. → Byt ut dåliga bilder mot tydligare ansiktsfoton.;0.356;3;;86%;;"high_yaw(7); no_faces(5); low_focus(4)";;0.1415;;0.6612;0;;"Mycket få träningsbilder (3 st); Hög andel misslyckade bilder (86%)";
478;Rachel Linton;;Bara 3 träningsbild(er). → Samla fler bilder för att förbättra igenkänningen. | 77% av bilderna misslyckades. → Byt ut dåliga bilder mot tydligare ansiktsfoton.;0.356;3;;77%;;"high_yaw(6); high_pitch(3); low_focus(1)";;0.1590;;0.6538;0;;"Mycket få träningsbilder (3 st); Hög andel misslyckade bilder (77%)";
479;Anastasia Petrova;Daloria A Dana;Personerna har liknande ansiktsdrag (avstånd 0.581). → Kontrollera att bilderna ligger i rätt mappar. Överväg att lägga till fler distinkta bilder. | Anastasia Petrova har 56% misslyckade bilder – byt ut lågkvalitetsbilder mot bättre. | Daloria A Dana har 56% misslyckade bilder – byt ut lågkvalitetsbilder mot bättre.;0.356;4;4;56%;56%;ok(5);"high_yaw(4); high_pitch(1)";0.2104;0.1866;0.5811;0;0;"Få träningsbilder (4 st); Medelhög varians – möjligen blandade bilder; Ömsesidig förväxling med Daloria A Dana (avstånd 0.581); Hög andel misslyckade bilder (56%)";"Få träningsbilder (4 st); Ömsesidig förväxling med Anastasia Petrova (avstånd 0.581); Hög andel misslyckade bilder (56%)"
480;Yuu Mahiru;;92% av bilderna misslyckades. → Byt ut dåliga bilder mot tydligare ansiktsfoton.;0.356;4;;92%;;"no_faces(22); high_yaw(18); low_focus(6)";;0.1316;;0.5699;0;;"Få träningsbilder (4 st); Hög andel misslyckade bilder (92%)";
481;Yuki Tsukamoto;Adriana Vega;Hög varians i Adriana Vega tyder på blandade identiteter. → Granska bilderna i mappen och flytta felplacerade bilder till rätt person. | Yuki Tsukamoto har 93% misslyckade bilder – byt ut lågkvalitetsbilder mot bättre. | Adriana Vega har 64% misslyckade bilder – byt ut lågkvalitetsbilder mot bättre. | Yuki Tsukamoto har bara 2 bilder – samla fler träningsbilder.;0.356;2;18;93%;64%;"high_yaw(10); no_faces(8); low_focus(5)";"high_yaw(27); no_faces(4); low_focus(1)";0.0930;0.2636;0.6568;0;2;"Mycket få träningsbilder (2 st); Ömsesidig förväxling med Adriana Vega (avstånd 0.657); Hög andel misslyckade bilder (93%)";"Medelhög varians – möjligen blandade bilder; Ömsesidig förväxling med Yuki Tsukamoto (avstånd 0.657); Hög andel misslyckade bilder (64%); 2 outlier-embedding(s)"
482;Sabrina Little;Ilvy Kokomo;Personerna har liknande ansiktsdrag (avstånd 0.624). → Kontrollera att bilderna ligger i rätt mappar. Överväg att lägga till fler distinkta bilder. | Sabrina Little har 56% misslyckade bilder – byt ut lågkvalitetsbilder mot bättre. | Ilvy Kokomo har 60% misslyckade bilder – byt ut lågkvalitetsbilder mot bättre.;0.356;7;20;56%;60%;"high_yaw(5); high_pitch(4)";"high_yaw(20); low_focus(7); high_pitch(2)";0.2373;0.2062;0.6236;1;1;"Få träningsbilder (7 st); Medelhög varians – möjligen blandade bilder; Ömsesidig förväxling med Ilvy Kokomo (avstånd 0.624); Hög andel misslyckade bilder (56%); 1 outlier-embedding(s)";"Medelhög varians – möjligen blandade bilder; Ömsesidig förväxling med Sabrina Little (avstånd 0.624); Hög andel misslyckade bilder (60%); 1 outlier-embedding(s)"
483;Ashlee Lovett;;Bara 3 träningsbild(er). → Samla fler bilder för att förbättra igenkänningen. | 57% av bilderna misslyckades. → Byt ut dåliga bilder mot tydligare ansiktsfoton.;0.356;3;;57%;;ok(4);;0.1974;;0.7441;0;;"Mycket få träningsbilder (3 st); Hög andel misslyckade bilder (57%)";
484;Tatianna Stone;;Bara 2 träningsbild(er). → Samla fler bilder för att förbättra igenkänningen. | 78% av bilderna misslyckades. → Byt ut dåliga bilder mot tydligare ansiktsfoton.;0.356;2;;78%;;ok(7);;0.1227;;0.6291;0;;"Mycket få träningsbilder (2 st); Hög andel misslyckade bilder (78%)";
485;Jeny Snow;;90% av bilderna misslyckades. → Byt ut dåliga bilder mot tydligare ansiktsfoton.;0.356;5;;90%;;"no_faces(31); high_yaw(9); low_focus(5)";;0.1982;;0.6841;0;;"Få träningsbilder (5 st); Hög andel misslyckade bilder (90%)";
486;Diana Stevenson;;62% av bilderna misslyckades. → Byt ut dåliga bilder mot tydligare ansiktsfoton.;0.356;5;;62%;;"high_yaw(6); low_focus(1); high_pitch(1)";;0.2551;;0.6912;0;;"Få träningsbilder (5 st); Medelhög varians – möjligen blandade bilder; Hög andel misslyckade bilder (62%)";
487;Jodie Ellen;;Bara 3 träningsbild(er). → Samla fler bilder för att förbättra igenkänningen. | 57% av bilderna misslyckades. → Byt ut dåliga bilder mot tydligare ansiktsfoton.;0.356;3;;57%;;"high_yaw(2); low_focus(2)";;0.1970;;0.7083;0;;"Mycket få träningsbilder (3 st); Hög andel misslyckade bilder (57%)";
488;Szandora;Fannie Fire;Hög varians i Szandora tyder på blandade identiteter. → Granska bilderna i mappen och flytta felplacerade bilder till rätt person. | Szandora har 82% misslyckade bilder – byt ut lågkvalitetsbilder mot bättre.;0.356;9;7;82%;50%;"high_yaw(20); no_faces(19); low_focus(1)";"high_yaw(6); low_focus(1)";0.2731;0.2085;0.6238;1;0;"Medelhög varians – möjligen blandade bilder; Ömsesidig förväxling med Fannie Fire (avstånd 0.624); Hög andel misslyckade bilder (82%); 1 outlier-embedding(s)";"Få träningsbilder (7 st); Medelhög varians – möjligen blandade bilder; Ömsesidig förväxling med Szandora (avstånd 0.624)"
489;Little Eliss;;54% av bilderna misslyckades. → Byt ut dåliga bilder mot tydligare ansiktsfoton.;0.355;6;;54%;;"high_yaw(4); high_pitch(2); low_focus(1)";;0.1922;;0.6458;1;;"Få träningsbilder (6 st); Hög andel misslyckade bilder (54%); 1 outlier-embedding(s)";
490;Barret Moore;;Bara 2 träningsbild(er). → Samla fler bilder för att förbättra igenkänningen. | 67% av bilderna misslyckades. → Byt ut dåliga bilder mot tydligare ansiktsfoton.;0.355;2;;67%;;"high_yaw(2); high_pitch(2)";;0.1443;;0.6621;0;;"Mycket få träningsbilder (2 st); Hög andel misslyckade bilder (67%)";
491;Harley Ace;;Hög varians tyder på att mappen innehåller bilder av flera personer. → Granska och rensa mappen. | 84% av bilderna misslyckades. → Byt ut dåliga bilder mot tydligare ansiktsfoton.;0.355;8;;84%;;"no_faces(25); high_yaw(16); high_pitch(1)";;0.3096;;0.7004;0;;"Hög varians – troligen blandade identiteter i mappen; Hög andel misslyckade bilder (84%)";
492;Angelique Dos Santos;;Bara 2 träningsbild(er). → Samla fler bilder för att förbättra igenkänningen. | 78% av bilderna misslyckades. → Byt ut dåliga bilder mot tydligare ansiktsfoton.;0.355;2;;78%;;"high_yaw(6); high_pitch(1)";;0.1219;;0.6734;0;;"Mycket få träningsbilder (2 st); Hög andel misslyckade bilder (78%)";
493;Britney Dee;;Hög varians tyder på att mappen innehåller bilder av flera personer. → Granska och rensa mappen.;0.355;7;;50%;;"high_pitch(4); high_yaw(3)";;0.3440;;0.6146;0;;"Få träningsbilder (7 st); Hög varians – troligen blandade identiteter i mappen";
494;Anna Pipe;;Bara 3 träningsbild(er). → Samla fler bilder för att förbättra igenkänningen. | 57% av bilderna misslyckades. → Byt ut dåliga bilder mot tydligare ansiktsfoton.;0.355;3;;57%;;"high_yaw(3); high_pitch(1)";;0.1963;;0.6089;0;;"Mycket få träningsbilder (3 st); Hög andel misslyckade bilder (57%)";
495;Benji Roxx;Christy V;Personerna har liknande ansiktsdrag (avstånd 0.645). → Kontrollera att bilderna ligger i rätt mappar. Överväg att lägga till fler distinkta bilder. | Benji Roxx har 70% misslyckade bilder – byt ut lågkvalitetsbilder mot bättre. | Christy V har 54% misslyckade bilder – byt ut lågkvalitetsbilder mot bättre. | Benji Roxx har bara 3 bilder – samla fler träningsbilder.;0.355;3;23;70%;54%;"high_yaw(3); low_focus(2); high_pitch(2)";"high_yaw(11); high_pitch(10); no_faces(4)";0.1704;0.1951;0.6453;0;2;"Mycket få träningsbilder (3 st); Ömsesidig förväxling med Christy V (avstånd 0.645); Hög andel misslyckade bilder (70%)";"Ömsesidig förväxling med Benji Roxx (avstånd 0.645); Hög andel misslyckade bilder (54%); 2 outlier-embedding(s)"
496;Barbie Buster;;Bara 2 träningsbild(er). → Samla fler bilder för att förbättra igenkänningen. | 94% av bilderna misslyckades. → Byt ut dåliga bilder mot tydligare ansiktsfoton.;0.355;2;;94%;;"high_yaw(22); no_faces(6); low_focus(4)";;0.0887;;0.7162;0;;"Mycket få träningsbilder (2 st); Hög andel misslyckade bilder (94%)";
497;Zaawaadi;;88% av bilderna misslyckades. → Byt ut dåliga bilder mot tydligare ansiktsfoton.;0.355;6;;88%;;"no_faces(24); high_yaw(19); low_focus(1)";;0.2342;;0.7047;0;;"Få träningsbilder (6 st); Medelhög varians – möjligen blandade bilder; Hög andel misslyckade bilder (88%)";
498;Ellie Roe;;Låg men mätbar osäkerhet – ingen akut åtgärd krävs.;0.355;6;;50%;;"high_yaw(3); high_pitch(2); low_focus(1)";;0.1987;;0.6928;1;;"Få träningsbilder (6 st); 1 outlier-embedding(s)";
499;Gigi Sweet;;Hög varians tyder på att mappen innehåller bilder av flera personer. → Granska och rensa mappen. | 70% av bilderna misslyckades. → Byt ut dåliga bilder mot tydligare ansiktsfoton.;0.355;7;;70%;;"high_yaw(10); no_faces(4); low_focus(2)";;0.3035;;0.6817;0;;"Få träningsbilder (7 st); Hög varians – troligen blandade identiteter i mappen; Hög andel misslyckade bilder (70%)";
500;Anabell 4 You;;54% av bilderna misslyckades. → Byt ut dåliga bilder mot tydligare ansiktsfoton.;0.355;6;;54%;;"high_yaw(4); high_pitch(3)";;0.1905;;0.6642;1;;"Få träningsbilder (6 st); Hög andel misslyckade bilder (54%); 1 outlier-embedding(s)";
501;Sharlotte Thorne;Chloe Jenks;Personerna har liknande ansiktsdrag (avstånd 0.652). → Kontrollera att bilderna ligger i rätt mappar. Överväg att lägga till fler distinkta bilder. | Sharlotte Thorne har 78% misslyckade bilder – byt ut lågkvalitetsbilder mot bättre. | Chloe Jenks har 62% misslyckade bilder – byt ut lågkvalitetsbilder mot bättre. | Sharlotte Thorne har bara 2 bilder – samla fler träningsbilder.;0.355;2;10;78%;62%;high_yaw(7);"high_yaw(8); low_focus(7); high_pitch(1)";0.1203;0.1588;0.6523;0;1;"Mycket få träningsbilder (2 st); Ömsesidig förväxling med Chloe Jenks (avstånd 0.652); Hög andel misslyckade bilder (78%)";"Ömsesidig förväxling med Sharlotte Thorne (avstånd 0.652); Hög andel misslyckade bilder (62%); 1 outlier-embedding(s)"
502;Mareeva;Valentina Pink;Hög varians i Mareeva tyder på blandade identiteter. → Granska bilderna i mappen och flytta felplacerade bilder till rätt person.;0.354;6;22;40%;37%;"high_pitch(2); high_yaw(2)";"high_yaw(9); low_focus(3); no_faces(1)";0.3127;0.1617;0.5875;0;0;"Få träningsbilder (6 st); Hög varians – troligen blandade identiteter i mappen; Ömsesidig förväxling med Valentina Pink (avstånd 0.588)";Ömsesidig förväxling med Mareeva (avstånd 0.588)
503;Raina Fox;;Bara 2 träningsbild(er). → Samla fler bilder för att förbättra igenkänningen. | 71% av bilderna misslyckades. → Byt ut dåliga bilder mot tydligare ansiktsfoton.;0.354;2;;71%;;"high_yaw(4); low_focus(1)";;0.1324;;0.6415;0;;"Mycket få träningsbilder (2 st); Hög andel misslyckade bilder (71%)";
504;Jessica Zara;;Låg men mätbar osäkerhet – ingen akut åtgärd krävs.;0.354;6;;50%;;"high_yaw(5); high_pitch(1)";;0.1974;;0.7182;1;;"Få träningsbilder (6 st); 1 outlier-embedding(s)";
505;Rae Riley;;81% av bilderna misslyckades. → Byt ut dåliga bilder mot tydligare ansiktsfoton.;0.354;5;;81%;;"high_yaw(8); no_faces(8); low_focus(6)";;0.2121;;0.6957;0;;"Få träningsbilder (5 st); Medelhög varians – möjligen blandade bilder; Hög andel misslyckade bilder (81%)";
506;Indian Babe Shanaya;Roxy Romero;Hög varians i Indian Babe Shanaya tyder på blandade identiteter. → Granska bilderna i mappen och flytta felplacerade bilder till rätt person. | Indian Babe Shanaya har 55% misslyckade bilder – byt ut lågkvalitetsbilder mot bättre. | Roxy Romero har 68% misslyckade bilder – byt ut lågkvalitetsbilder mot bättre.;0.354;5;16;55%;68%;"high_yaw(3); low_focus(3)";"high_yaw(17); low_focus(8); no_faces(8)";0.2657;0.2068;0.6786;0;1;"Få träningsbilder (5 st); Medelhög varians – möjligen blandade bilder; Ömsesidig förväxling med Roxy Romero (avstånd 0.679); Hög andel misslyckade bilder (55%)";"Medelhög varians – möjligen blandade bilder; Ömsesidig förväxling med Indian Babe Shanaya (avstånd 0.679); Hög andel misslyckade bilder (68%); 1 outlier-embedding(s)"
507;Brilliant Victoria;;Bara 2 träningsbild(er). → Samla fler bilder för att förbättra igenkänningen. | 75% av bilderna misslyckades. → Byt ut dåliga bilder mot tydligare ansiktsfoton.;0.354;2;;75%;;ok(6);;0.1245;;0.7105;0;;"Mycket få träningsbilder (2 st); Hög andel misslyckade bilder (75%)";
508;Bambi Jean;;92% av bilderna misslyckades. → Byt ut dåliga bilder mot tydligare ansiktsfoton.;0.354;4;;92%;;"high_yaw(27); low_focus(10); no_faces(9)";;0.1565;;0.7261;0;;"Få träningsbilder (4 st); Hög andel misslyckade bilder (92%)";
509;Zoey Lee;;Bara 3 träningsbild(er). → Samla fler bilder för att förbättra igenkänningen. | 79% av bilderna misslyckades. → Byt ut dåliga bilder mot tydligare ansiktsfoton.;0.354;3;;79%;;"high_yaw(10); high_pitch(1)";;0.1500;;0.6578;0;;"Mycket få träningsbilder (3 st); Hög andel misslyckade bilder (79%)";
510;Eliz Stanton;;56% av bilderna misslyckades. → Byt ut dåliga bilder mot tydligare ansiktsfoton.;0.353;4;;56%;;"high_yaw(4); low_focus(1)";;0.2292;;0.6866;0;;"Få träningsbilder (4 st); Medelhög varians – möjligen blandade bilder; Hög andel misslyckade bilder (56%)";
511;Bodacious Babbette;;Bara 2 träningsbild(er). → Samla fler bilder för att förbättra igenkänningen. | 71% av bilderna misslyckades. → Byt ut dåliga bilder mot tydligare ansiktsfoton.;0.353;2;;71%;;ok(5);;0.1307;;0.6827;0;;"Mycket få träningsbilder (2 st); Hög andel misslyckade bilder (71%)";
512;Sofi Ariego;;Bara 3 träningsbild(er). → Samla fler bilder för att förbättra igenkänningen. | 57% av bilderna misslyckades. → Byt ut dåliga bilder mot tydligare ansiktsfoton.;0.353;3;;57%;;high_yaw(4);;0.1924;;0.6645;0;;"Mycket få träningsbilder (3 st); Hög andel misslyckade bilder (57%)";
513;Unice;;Bara 2 träningsbild(er). → Samla fler bilder för att förbättra igenkänningen. | 85% av bilderna misslyckades. → Byt ut dåliga bilder mot tydligare ansiktsfoton.;0.353;2;;85%;;"high_yaw(5); low_focus(3); high_pitch(3)";;0.1037;;0.7144;0;;"Mycket få träningsbilder (2 st); Hög andel misslyckade bilder (85%)";
514;Devon Daniels;;54% av bilderna misslyckades. → Byt ut dåliga bilder mot tydligare ansiktsfoton.;0.353;6;;54%;;ok(7);;0.1874;;0.6680;1;;"Få träningsbilder (6 st); Hög andel misslyckade bilder (54%); 1 outlier-embedding(s)";
515;Shafry;Paris Lincoln;Hög varians i Shafry tyder på blandade identiteter. → Granska bilderna i mappen och flytta felplacerade bilder till rätt person. | Shafry har 80% misslyckade bilder – byt ut lågkvalitetsbilder mot bättre. | Paris Lincoln har 68% misslyckade bilder – byt ut lågkvalitetsbilder mot bättre.;0.353;10;16;80%;68%;"high_yaw(19); no_faces(16); low_focus(3)";"high_yaw(19); no_faces(11); low_focus(4)";0.2552;0.2279;0.5556;1;1;"Medelhög varians – möjligen blandade bilder; Ömsesidig förväxling med Paris Lincoln (avstånd 0.556); Hög andel misslyckade bilder (80%); 1 outlier-embedding(s)";"Medelhög varians – möjligen blandade bilder; Ömsesidig förväxling med Shafry (avstånd 0.556); Hög andel misslyckade bilder (68%); 1 outlier-embedding(s)"
516;Scarlett Taylar;;71% av bilderna misslyckades. → Byt ut dåliga bilder mot tydligare ansiktsfoton.;0.353;4;;71%;;"high_yaw(8); high_pitch(2)";;0.1966;;0.6413;0;;"Få träningsbilder (4 st); Hög andel misslyckade bilder (71%)";
517;Bonnie Heart;;Bara 3 träningsbild(er). → Samla fler bilder för att förbättra igenkänningen. | 93% av bilderna misslyckades. → Byt ut dåliga bilder mot tydligare ansiktsfoton.;0.353;3;;93%;;"high_yaw(21); low_focus(9); high_pitch(6)";;0.1196;;0.7111;0;;"Mycket få träningsbilder (3 st); Hög andel misslyckade bilder (93%)";
518;Elisa Tofana;;Bara 3 träningsbild(er). → Samla fler bilder för att förbättra igenkänningen.;0.353;3;;40%;;ok(2);;0.2256;;0.6864;0;;"Mycket få träningsbilder (3 st); Medelhög varians – möjligen blandade bilder";
519;Karina OReilley;;67% av bilderna misslyckades. → Byt ut dåliga bilder mot tydligare ansiktsfoton.;0.353;4;;67%;;high_yaw(8);;0.2054;;0.6616;0;;"Få träningsbilder (4 st); Medelhög varians – möjligen blandade bilder; Hög andel misslyckade bilder (67%)";
520;Indy Nastya;;Hög varians tyder på att mappen innehåller bilder av flera personer. → Granska och rensa mappen.;0.353;8;;20%;;high_yaw(2);;0.4318;;0.6571;0;;Hög varians – troligen blandade identiteter i mappen;
521;Jazmine Beach;;92% av bilderna misslyckades. → Byt ut dåliga bilder mot tydligare ansiktsfoton.;0.352;4;;92%;;"high_yaw(29); no_faces(17); high_pitch(1)";;0.1536;;0.7279;0;;"Få träningsbilder (4 st); Hög andel misslyckade bilder (92%)";
522;Yu Shiraishi;Miko Dai;Hög varians i Yu Shiraishi tyder på blandade identiteter. → Granska bilderna i mappen och flytta felplacerade bilder till rätt person. | Miko Dai har 66% misslyckade bilder – byt ut lågkvalitetsbilder mot bättre.;0.352;5;17;38%;66%;"high_yaw(2); low_focus(1)";"no_faces(24); high_yaw(8); low_focus(1)";0.2807;0.1518;0.5879;0;0;"Få träningsbilder (5 st); Medelhög varians – möjligen blandade bilder; Ömsesidig förväxling med Miko Dai (avstånd 0.588)";"Ömsesidig förväxling med Yu Shiraishi (avstånd 0.588); Hög andel misslyckade bilder (66%)"
523;Gerlinde Bodeker;;Bara 2 träningsbild(er). → Samla fler bilder för att förbättra igenkänningen. | 85% av bilderna misslyckades. → Byt ut dåliga bilder mot tydligare ansiktsfoton.;0.352;2;;85%;;"high_yaw(7); multiple_faces(3); high_pitch(1)";;0.1020;;0.6874;0;;"Mycket få träningsbilder (2 st); Hög andel misslyckade bilder (85%)";
524;Eriska A Nasira;;69% av bilderna misslyckades. → Byt ut dåliga bilder mot tydligare ansiktsfoton.;0.352;4;;69%;;"high_yaw(4); low_focus(3); high_pitch(2)";;0.1994;;0.6860;0;;"Få träningsbilder (4 st); Hög andel misslyckade bilder (69%)";
525;Bettina Campbell;Joyce Oliveira;Personerna har liknande ansiktsdrag (avstånd 0.617). → Kontrollera att bilderna ligger i rätt mappar. Överväg att lägga till fler distinkta bilder. | Bettina Campbell har 80% misslyckade bilder – byt ut lågkvalitetsbilder mot bättre. | Joyce Oliveira har 72% misslyckade bilder – byt ut lågkvalitetsbilder mot bättre. | Bettina Campbell har bara 2 bilder – samla fler träningsbilder.;0.352;2;14;80%;72%;high_yaw(8);"high_yaw(27); no_faces(9)";0.1104;0.2082;0.6169;0;0;"Mycket få träningsbilder (2 st); Ömsesidig förväxling med Joyce Oliveira (avstånd 0.617); Hög andel misslyckade bilder (80%)";"Medelhög varians – möjligen blandade bilder; Ömsesidig förväxling med Bettina Campbell (avstånd 0.617); Hög andel misslyckade bilder (72%)"
526;Charlotte Germany;Bambi Blitz;Personerna har liknande ansiktsdrag (avstånd 0.597). → Kontrollera att bilderna ligger i rätt mappar. Överväg att lägga till fler distinkta bilder. | Charlotte Germany har 60% misslyckade bilder – byt ut lågkvalitetsbilder mot bättre. | Bambi Blitz har 55% misslyckade bilder – byt ut lågkvalitetsbilder mot bättre.;0.352;4;15;60%;55%;high_yaw(6);"high_yaw(17); no_faces(1)";0.2123;0.2130;0.5965;0;1;"Få träningsbilder (4 st); Medelhög varians – möjligen blandade bilder; Ömsesidig förväxling med Bambi Blitz (avstånd 0.597); Hög andel misslyckade bilder (60%)";"Medelhög varians – möjligen blandade bilder; Ömsesidig förväxling med Charlotte Germany (avstånd 0.597); Hög andel misslyckade bilder (55%); 1 outlier-embedding(s)"
527;Belle Pea;;Låg men mätbar osäkerhet – ingen akut åtgärd krävs.;0.352;6;;50%;;"high_yaw(3); high_pitch(3)";;0.1921;;0.7064;1;;"Få träningsbilder (6 st); 1 outlier-embedding(s)";
528;Ivanna L;Alice Smack;Personerna har liknande ansiktsdrag (avstånd 0.574). → Kontrollera att bilderna ligger i rätt mappar. Överväg att lägga till fler distinkta bilder.;0.352;7;31;36%;38%;"high_pitch(3); low_focus(1)";"high_yaw(6); no_faces(6); low_focus(6)";0.2345;0.1868;0.5739;1;2;"Få träningsbilder (7 st); Medelhög varians – möjligen blandade bilder; Ömsesidig förväxling med Alice Smack (avstånd 0.574); 1 outlier-embedding(s)";"Ömsesidig förväxling med Ivanna L (avstånd 0.574); 2 outlier-embedding(s)"
529;July Anova;;Hög varians tyder på att mappen innehåller bilder av flera personer. → Granska och rensa mappen.;0.351;5;;29%;;"high_yaw(1); high_pitch(1)";;0.3125;;0.6443;0;;"Få träningsbilder (5 st); Hög varians – troligen blandade identiteter i mappen";
530;Victoria Peaks;;82% av bilderna misslyckades. → Byt ut dåliga bilder mot tydligare ansiktsfoton.;0.351;9;;82%;;"no_faces(28); high_yaw(13)";;0.2648;;0.6645;1;;"Medelhög varians – möjligen blandade bilder; Hög andel misslyckade bilder (82%); 1 outlier-embedding(s)";
531;Abby Vissers;;Bara 3 träningsbild(er). → Samla fler bilder för att förbättra igenkänningen. | 70% av bilderna misslyckades. → Byt ut dåliga bilder mot tydligare ansiktsfoton.;0.351;3;;70%;;"no_faces(4); high_yaw(2); high_pitch(1)";;0.1629;;0.6515;0;;"Mycket få träningsbilder (3 st); Hög andel misslyckade bilder (70%)";
532;Natalie Colt;Jazmine Lyn;Hög varians i Jazmine Lyn tyder på blandade identiteter. → Granska bilderna i mappen och flytta felplacerade bilder till rätt person. | Natalie Colt har 67% misslyckade bilder – byt ut lågkvalitetsbilder mot bättre. | Jazmine Lyn har 76% misslyckade bilder – byt ut lågkvalitetsbilder mot bättre. | Natalie Colt har bara 2 bilder – samla fler träningsbilder.;0.351;2;12;67%;76%;ok(4);"high_yaw(18); no_faces(14); low_focus(5)";0.1361;0.3023;0.6107;0;1;"Mycket få träningsbilder (2 st); Ömsesidig förväxling med Jazmine Lyn (avstånd 0.611); Hög andel misslyckade bilder (67%)";"Hög varians – troligen blandade identiteter i mappen; Ömsesidig förväxling med Natalie Colt (avstånd 0.611); Hög andel misslyckade bilder (76%); 1 outlier-embedding(s)"
533;Chaos Costa;;Bara 3 träningsbild(er). → Samla fler bilder för att förbättra igenkänningen. | 67% av bilderna misslyckades. → Byt ut dåliga bilder mot tydligare ansiktsfoton.;0.351;3;;67%;;ok(6);;0.1692;;0.6576;0;;"Mycket få träningsbilder (3 st); Hög andel misslyckade bilder (67%)";
534;Awesome Ashley;;79% av bilderna misslyckades. → Byt ut dåliga bilder mot tydligare ansiktsfoton.;0.351;5;;79%;;"high_yaw(13); no_faces(5); low_focus(1)";;0.2108;;0.6612;0;;"Få träningsbilder (5 st); Medelhög varians – möjligen blandade bilder; Hög andel misslyckade bilder (79%)";
535;Aubrey Shawinsky;;67% av bilderna misslyckades. → Byt ut dåliga bilder mot tydligare ansiktsfoton.;0.351;4;;67%;;"high_pitch(7); no_faces(1)";;0.2022;;0.6442;0;;"Få träningsbilder (4 st); Medelhög varians – möjligen blandade bilder; Hög andel misslyckade bilder (67%)";
536;Lia Mango;;53% av bilderna misslyckades. → Byt ut dåliga bilder mot tydligare ansiktsfoton.;0.351;7;;53%;;"high_yaw(7); low_focus(1)";;0.2334;;0.6546;1;;"Få träningsbilder (7 st); Medelhög varians – möjligen blandade bilder; Hög andel misslyckade bilder (53%); 1 outlier-embedding(s)";
537;Rhianna Ryan;;Låg men mätbar osäkerhet – ingen akut åtgärd krävs.;0.351;6;;50%;;"high_yaw(4); low_focus(1); high_pitch(1)";;0.1904;;0.6457;1;;"Få träningsbilder (6 st); 1 outlier-embedding(s)";
538;Cherry Pie;;Låg men mätbar osäkerhet – ingen akut åtgärd krävs.;0.351;7;;42%;;"high_yaw(3); high_pitch(2)";;0.2562;;0.6462;1;;"Få träningsbilder (7 st); Medelhög varians – möjligen blandade bilder; 1 outlier-embedding(s)";
539;Deliah Dukes;;88% av bilderna misslyckades. → Byt ut dåliga bilder mot tydligare ansiktsfoton.;0.351;6;;88%;;"high_yaw(32); no_faces(8); low_focus(3)";;0.2251;;0.7533;0;;"Få träningsbilder (6 st); Medelhög varians – möjligen blandade bilder; Hög andel misslyckade bilder (88%)";
540;Ruka Ichinose;;73% av bilderna misslyckades. → Byt ut dåliga bilder mot tydligare ansiktsfoton.;0.351;7;;73%;;"high_yaw(9); no_faces(7); low_focus(1)";;0.1930;;0.6508;1;;"Få träningsbilder (7 st); Hög andel misslyckade bilder (73%); 1 outlier-embedding(s)";
541;Georgina Wilson;;Bara 2 träningsbild(er). → Samla fler bilder för att förbättra igenkänningen. | 67% av bilderna misslyckades. → Byt ut dåliga bilder mot tydligare ansiktsfoton.;0.350;2;;67%;;"high_yaw(3); high_pitch(1)";;0.1343;;0.6540;0;;"Mycket få träningsbilder (2 st); Hög andel misslyckade bilder (67%)";
542;Lily Wow;;Bara 3 träningsbild(er). → Samla fler bilder för att förbättra igenkänningen. | 62% av bilderna misslyckades. → Byt ut dåliga bilder mot tydligare ansiktsfoton.;0.350;3;;62%;;"high_yaw(3); no_faces(2)";;0.1757;;0.7060;0;;"Mycket få träningsbilder (3 st); Hög andel misslyckade bilder (62%)";
543;Genevieve Liberte;;Bara 2 träningsbild(er). → Samla fler bilder för att förbättra igenkänningen. | 82% av bilderna misslyckades. → Byt ut dåliga bilder mot tydligare ansiktsfoton.;0.350;2;;82%;;"high_yaw(6); no_faces(3)";;0.1037;;0.6626;0;;"Mycket få träningsbilder (2 st); Hög andel misslyckade bilder (82%)";
544;Tallulah Thorn;;71% av bilderna misslyckades. → Byt ut dåliga bilder mot tydligare ansiktsfoton.;0.350;4;;71%;;"high_yaw(9); low_focus(1)";;0.1908;;0.6957;0;;"Få träningsbilder (4 st); Hög andel misslyckade bilder (71%)";
545;Shantel Feya;Anastasia Devine;Hög varians i Shantel Feya tyder på blandade identiteter. → Granska bilderna i mappen och flytta felplacerade bilder till rätt person. | Anastasia Devine har 54% misslyckade bilder – byt ut lågkvalitetsbilder mot bättre.;0.350;5;23;50%;54%;high_yaw(5);"high_yaw(11); no_faces(6); high_pitch(5)";0.2670;0.2155;0.6071;0;1;"Få träningsbilder (5 st); Medelhög varians – möjligen blandade bilder; Ömsesidig förväxling med Anastasia Devine (avstånd 0.607)";"Medelhög varians – möjligen blandade bilder; Ömsesidig förväxling med Shantel Feya (avstånd 0.607); Hög andel misslyckade bilder (54%); 1 outlier-embedding(s)"
546;Val Malone;;92% av bilderna misslyckades. → Byt ut dåliga bilder mot tydligare ansiktsfoton.;0.350;4;;92%;;"high_yaw(30); high_pitch(9); no_faces(4)";;0.1496;;0.6271;0;;"Få träningsbilder (4 st); Hög andel misslyckade bilder (92%)";
547;Andrea Lowell;;60% av bilderna misslyckades. → Byt ut dåliga bilder mot tydligare ansiktsfoton.;0.350;6;;60%;;"high_yaw(7); no_faces(1); high_pitch(1)";;0.1691;;0.6528;1;;"Få träningsbilder (6 st); Hög andel misslyckade bilder (60%); 1 outlier-embedding(s)";
548;Galda Suicide;;Låg men mätbar osäkerhet – ingen akut åtgärd krävs.;0.350;5;;44%;;high_yaw(4);;0.2779;;0.6815;0;;"Få träningsbilder (5 st); Medelhög varians – möjligen blandade bilder";
549;Barbara Hillary;;Bara 2 träningsbild(er). → Samla fler bilder för att förbättra igenkänningen. | 75% av bilderna misslyckades. → Byt ut dåliga bilder mot tydligare ansiktsfoton.;0.350;2;;75%;;"low_focus(5); high_yaw(1)";;0.1167;;0.6312;0;;"Mycket få träningsbilder (2 st); Hög andel misslyckade bilder (75%)";
550;Jenevieve Hexxx;;Bara 3 träningsbild(er). → Samla fler bilder för att förbättra igenkänningen. | 70% av bilderna misslyckades. → Byt ut dåliga bilder mot tydligare ansiktsfoton.;0.350;3;;70%;;high_yaw(7);;0.1598;;0.6338;0;;"Mycket få träningsbilder (3 st); Hög andel misslyckade bilder (70%)";
551;Stephanie Moon;;Bara 3 träningsbild(er). → Samla fler bilder för att förbättra igenkänningen. | 70% av bilderna misslyckades. → Byt ut dåliga bilder mot tydligare ansiktsfoton.;0.350;3;;70%;;"high_yaw(6); high_pitch(1)";;0.1597;;0.6986;0;;"Mycket få träningsbilder (3 st); Hög andel misslyckade bilder (70%)";
552;Abigail Dupree;;Bara 3 träningsbild(er). → Samla fler bilder för att förbättra igenkänningen. | 67% av bilderna misslyckades. → Byt ut dåliga bilder mot tydligare ansiktsfoton.;0.350;3;;67%;;ok(6);;0.1663;;0.6809;0;;"Mycket få träningsbilder (3 st); Hög andel misslyckade bilder (67%)";
553;Aubrey Edible;;84% av bilderna misslyckades. → Byt ut dåliga bilder mot tydligare ansiktsfoton.;0.350;10;;84%;;"high_yaw(33); low_focus(13); multiple_faces(3)";;0.2986;;0.6728;1;;"Medelhög varians – möjligen blandade bilder; Hög andel misslyckade bilder (84%); 1 outlier-embedding(s)";
554;Angelica Snow;;Låg men mätbar osäkerhet – ingen akut åtgärd krävs.;0.350;6;;50%;;"high_pitch(3); low_focus(2); high_yaw(1)";;0.1884;;0.6934;1;;"Få träningsbilder (6 st); 1 outlier-embedding(s)";
555;Emiri Okazaki;;Bara 2 träningsbild(er). → Samla fler bilder för att förbättra igenkänningen. | 91% av bilderna misslyckades. → Byt ut dåliga bilder mot tydligare ansiktsfoton.;0.350;2;;91%;;"high_yaw(10); low_focus(8); high_pitch(2)";;0.0835;;0.6180;0;;"Mycket få träningsbilder (2 st); Hög andel misslyckade bilder (91%)";
556;Bellina;;Låg men mätbar osäkerhet – ingen akut åtgärd krävs.;0.350;6;;50%;;"high_yaw(5); high_pitch(1)";;0.1879;;0.6133;1;;"Få träningsbilder (6 st); 1 outlier-embedding(s)";
557;Ruri Tachibana;;Bara 3 träningsbild(er). → Samla fler bilder för att förbättra igenkänningen. | 62% av bilderna misslyckades. → Byt ut dåliga bilder mot tydligare ansiktsfoton.;0.350;3;;62%;;"high_yaw(2); low_focus(2); high_pitch(1)";;0.1741;;0.6297;0;;"Mycket få träningsbilder (3 st); Hög andel misslyckade bilder (62%)";
558;Doris Dawn;;Bara 3 träningsbild(er). → Samla fler bilder för att förbättra igenkänningen.;0.349;3;;50%;;"high_yaw(2); low_focus(1)";;0.1989;;0.7616;0;;Mycket få träningsbilder (3 st);
559;Sandy Joy;;Bara 2 träningsbild(er). → Samla fler bilder för att förbättra igenkänningen. | 75% av bilderna misslyckades. → Byt ut dåliga bilder mot tydligare ansiktsfoton.;0.349;2;;75%;;"high_yaw(4); high_pitch(1); low_focus(1)";;0.1155;;0.6780;0;;"Mycket få träningsbilder (2 st); Hög andel misslyckade bilder (75%)";
560;Sasha Storm;;Bara 2 träningsbild(er). → Samla fler bilder för att förbättra igenkänningen. | 60% av bilderna misslyckades. → Byt ut dåliga bilder mot tydligare ansiktsfoton.;0.349;2;;60%;;"high_yaw(2); high_pitch(1)";;0.1452;;0.6935;0;;"Mycket få träningsbilder (2 st); Hög andel misslyckade bilder (60%)";
561;Alisa Kovi;;Bara 3 träningsbild(er). → Samla fler bilder för att förbättra igenkänningen. | 81% av bilderna misslyckades. → Byt ut dåliga bilder mot tydligare ansiktsfoton.;0.349;3;;81%;;"high_yaw(7); low_focus(3); high_pitch(2)";;0.1358;;0.6797;0;;"Mycket få träningsbilder (3 st); Hög andel misslyckade bilder (81%)";
562;Sofi Ka;;Hög varians tyder på att mappen innehåller bilder av flera personer. → Granska och rensa mappen. | 76% av bilderna misslyckades. → Byt ut dåliga bilder mot tydligare ansiktsfoton.;0.349;12;;76%;;"high_yaw(21); no_faces(15); low_focus(2)";;0.3908;;0.6606;1;;"Hög varians – troligen blandade identiteter i mappen; Hög andel misslyckade bilder (76%); 1 outlier-embedding(s)";
563;Scarlett Snow;;Bara 3 träningsbild(er). → Samla fler bilder för att förbättra igenkänningen. | 73% av bilderna misslyckades. → Byt ut dåliga bilder mot tydligare ansiktsfoton.;0.349;3;;73%;;"high_pitch(4); high_yaw(3); low_focus(1)";;0.1523;;0.6955;0;;"Mycket få träningsbilder (3 st); Hög andel misslyckade bilder (73%)";
564;Dahlia Polk;;Bara 3 träningsbild(er). → Samla fler bilder för att förbättra igenkänningen. | 77% av bilderna misslyckades. → Byt ut dåliga bilder mot tydligare ansiktsfoton.;0.349;3;;77%;;"high_yaw(5); high_pitch(3); low_focus(2)";;0.1439;;0.6422;0;;"Mycket få träningsbilder (3 st); Hög andel misslyckade bilder (77%)";
565;Indica Rayne;;Bara 2 träningsbild(er). → Samla fler bilder för att förbättra igenkänningen. | 90% av bilderna misslyckades. → Byt ut dåliga bilder mot tydligare ansiktsfoton.;0.349;2;;90%;;"high_yaw(17); high_pitch(1)";;0.0840;;0.7002;0;;"Mycket få träningsbilder (2 st); Hög andel misslyckade bilder (90%)";
566;Carla Mai;Nia Black;Personerna har liknande ansiktsdrag (avstånd 0.515). → Kontrollera att bilderna ligger i rätt mappar. Överväg att lägga till fler distinkta bilder. | Carla Mai har 78% misslyckade bilder – byt ut lågkvalitetsbilder mot bättre. | Nia Black har 72% misslyckade bilder – byt ut lågkvalitetsbilder mot bättre.;0.349;11;14;78%;72%;"high_yaw(20); no_faces(14); high_pitch(4)";"no_faces(17); high_yaw(15); high_pitch(3)";0.2373;0.1880;0.5154;1;0;"Medelhög varians – möjligen blandade bilder; Ömsesidig förväxling med Nia Black (avstånd 0.515); Hög andel misslyckade bilder (78%); 1 outlier-embedding(s)";"Ömsesidig förväxling med Carla Mai (avstånd 0.515); Hög andel misslyckade bilder (72%)"
567;Jaden Simone;Erika Kane;Personerna har liknande ansiktsdrag (avstånd 0.655). → Kontrollera att bilderna ligger i rätt mappar. Överväg att lägga till fler distinkta bilder. | Jaden Simone har 82% misslyckade bilder – byt ut lågkvalitetsbilder mot bättre. | Erika Kane har 78% misslyckade bilder – byt ut lågkvalitetsbilder mot bättre. | Jaden Simone har bara 2 bilder – samla fler träningsbilder.;0.348;2;11;82%;78%;"high_yaw(4); no_faces(3); low_focus(1)";"high_pitch(15); low_focus(13); high_yaw(9)";0.1000;0.2064;0.6545;0;1;"Mycket få träningsbilder (2 st); Ömsesidig förväxling med Erika Kane (avstånd 0.655); Hög andel misslyckade bilder (82%)";"Medelhög varians – möjligen blandade bilder; Ömsesidig förväxling med Jaden Simone (avstånd 0.655); Hög andel misslyckade bilder (78%); 1 outlier-embedding(s)"
568;Tori Hendrix;;Låg men mätbar osäkerhet – ingen akut åtgärd krävs.;0.348;7;;46%;;"high_yaw(5); high_pitch(1)";;0.2426;;0.6533;1;;"Få träningsbilder (7 st); Medelhög varians – möjligen blandade bilder; 1 outlier-embedding(s)";
569;Eva Marie;;Bara 2 träningsbild(er). → Samla fler bilder för att förbättra igenkänningen. | 75% av bilderna misslyckades. → Byt ut dåliga bilder mot tydligare ansiktsfoton.;0.348;2;;75%;;"high_yaw(5); high_pitch(1)";;0.1134;;0.6721;0;;"Mycket få träningsbilder (2 st); Hög andel misslyckade bilder (75%)";
570;Lora Black;;Hög varians tyder på att mappen innehåller bilder av flera personer. → Granska och rensa mappen. | 80% av bilderna misslyckades. → Byt ut dåliga bilder mot tydligare ansiktsfoton.;0.348;10;;80%;;"high_yaw(23); no_faces(15); low_focus(1)";;0.3034;;0.6605;1;;"Hög varians – troligen blandade identiteter i mappen; Hög andel misslyckade bilder (80%); 1 outlier-embedding(s)";
571;Aliha Anderson;;Bara 2 träningsbild(er). → Samla fler bilder för att förbättra igenkänningen. | 75% av bilderna misslyckades. → Byt ut dåliga bilder mot tydligare ansiktsfoton.;0.348;2;;75%;;"high_yaw(5); high_pitch(1)";;0.1133;;0.6800;0;;"Mycket få träningsbilder (2 st); Hög andel misslyckade bilder (75%)";
572;Cristy Thom;;67% av bilderna misslyckades. → Byt ut dåliga bilder mot tydligare ansiktsfoton.;0.348;4;;67%;;"high_yaw(4); high_pitch(3); multiple_faces(1)";;0.1965;;0.7158;0;;"Få träningsbilder (4 st); Hög andel misslyckade bilder (67%)";
573;Shiho Horiuchi;;82% av bilderna misslyckades. → Byt ut dåliga bilder mot tydligare ansiktsfoton.;0.348;7;;82%;;"no_faces(15); high_yaw(12); low_focus(5)";;0.2648;;0.6267;0;;"Få träningsbilder (7 st); Medelhög varians – möjligen blandade bilder; Hög andel misslyckade bilder (82%)";
574;Hanna Montada;;Bara 3 träningsbild(er). → Samla fler bilder för att förbättra igenkänningen. | 77% av bilderna misslyckades. → Byt ut dåliga bilder mot tydligare ansiktsfoton.;0.348;3;;77%;;"high_yaw(9); high_pitch(1)";;0.1425;;0.6914;0;;"Mycket få träningsbilder (3 st); Hög andel misslyckade bilder (77%)";
575;Saki Fujii;;90% av bilderna misslyckades. → Byt ut dåliga bilder mot tydligare ansiktsfoton.;0.348;4;;90%;;"high_yaw(19); no_faces(12); low_focus(4)";;0.1501;;0.6609;0;;"Få träningsbilder (4 st); Hög andel misslyckade bilder (90%)";
576;Rhian Sugden;;Bara 3 träningsbild(er). → Samla fler bilder för att förbättra igenkänningen.;0.348;3;;40%;;"high_yaw(1); high_pitch(1)";;0.2162;;0.6259;0;;"Mycket få träningsbilder (3 st); Medelhög varians – möjligen blandade bilder";
577;Danica Danali;;Bara 3 träningsbild(er). → Samla fler bilder för att förbättra igenkänningen. | 70% av bilderna misslyckades. → Byt ut dåliga bilder mot tydligare ansiktsfoton.;0.348;3;;70%;;"high_yaw(5); high_pitch(2)";;0.1557;;0.6692;0;;"Mycket få träningsbilder (3 st); Hög andel misslyckade bilder (70%)";
578;Danae Nason;Tiffany Brookes;Hög varians i Danae Nason tyder på blandade identiteter. → Granska bilderna i mappen och flytta felplacerade bilder till rätt person. | Danae Nason har 68% misslyckade bilder – byt ut lågkvalitetsbilder mot bättre. | Tiffany Brookes har 74% misslyckade bilder – byt ut lågkvalitetsbilder mot bättre.;0.348;20;13;68%;74%;"high_yaw(38); high_pitch(5)";"high_yaw(23); no_faces(7); high_pitch(7)";0.3847;0.2016;0.5172;2;0;"Hög varians – troligen blandade identiteter i mappen; Ömsesidig förväxling med Tiffany Brookes (avstånd 0.517); Hög andel misslyckade bilder (68%); 2 outlier-embedding(s)";"Medelhög varians – möjligen blandade bilder; Ömsesidig förväxling med Danae Nason (avstånd 0.517); Hög andel misslyckade bilder (74%)"
579;Irina Wind;;Bara 2 träningsbild(er). → Samla fler bilder för att förbättra igenkänningen. | 85% av bilderna misslyckades. → Byt ut dåliga bilder mot tydligare ansiktsfoton.;0.348;2;;85%;;"low_focus(6); high_yaw(4); no_faces(1)";;0.0929;;0.6160;0;;"Mycket få träningsbilder (2 st); Hög andel misslyckade bilder (85%)";
580;Desiree Jacobsen;;79% av bilderna misslyckades. → Byt ut dåliga bilder mot tydligare ansiktsfoton.;0.348;7;;79%;;"high_yaw(13); no_faces(9); low_focus(4)";;0.1760;;0.7094;1;;"Få träningsbilder (7 st); Hög andel misslyckade bilder (79%); 1 outlier-embedding(s)";
581;Veselin;;67% av bilderna misslyckades. → Byt ut dåliga bilder mot tydligare ansiktsfoton.;0.348;4;;67%;;"high_yaw(5); high_pitch(3)";;0.1953;;0.6749;0;;"Få träningsbilder (4 st); Hög andel misslyckade bilder (67%)";
582;Rin Saotome;;93% av bilderna misslyckades. → Byt ut dåliga bilder mot tydligare ansiktsfoton.;0.348;4;;93%;;"high_yaw(29); no_faces(13); low_focus(8)";;0.1424;;0.6178;0;;"Få träningsbilder (4 st); Hög andel misslyckade bilder (93%)";
583;Athena Summers;;54% av bilderna misslyckades. → Byt ut dåliga bilder mot tydligare ansiktsfoton.;0.348;6;;54%;;"high_pitch(4); high_yaw(3)";;0.1763;;0.6744;1;;"Få träningsbilder (6 st); Hög andel misslyckade bilder (54%); 1 outlier-embedding(s)";
584;Sayaka Fukuhara;;Bara 2 träningsbild(er). → Samla fler bilder för att förbättra igenkänningen. | 67% av bilderna misslyckades. → Byt ut dåliga bilder mot tydligare ansiktsfoton.;0.348;2;;67%;;"high_yaw(2); low_focus(1); high_pitch(1)";;0.1284;;0.6445;0;;"Mycket få träningsbilder (2 st); Hög andel misslyckade bilder (67%)";
585;Lauren O'Connor;;67% av bilderna misslyckades. → Byt ut dåliga bilder mot tydligare ansiktsfoton.;0.348;4;;67%;;"high_yaw(6); high_pitch(2)";;0.1951;;0.6748;0;;"Få träningsbilder (4 st); Hög andel misslyckade bilder (67%)";
586;Alex Devine;;75% av bilderna misslyckades. → Byt ut dåliga bilder mot tydligare ansiktsfoton.;0.347;6;;75%;;"no_faces(7); high_yaw(5); low_focus(3)";;0.1339;;0.6879;1;;"Få träningsbilder (6 st); Hög andel misslyckade bilder (75%); 1 outlier-embedding(s)";
587;Chanel Lux;;90% av bilderna misslyckades. → Byt ut dåliga bilder mot tydligare ansiktsfoton.;0.347;5;;90%;;"no_faces(20); high_yaw(20); low_focus(4)";;0.1816;;0.6584;0;;"Få träningsbilder (5 st); Hög andel misslyckade bilder (90%)";
588;China Barbie;;77% av bilderna misslyckades. → Byt ut dåliga bilder mot tydligare ansiktsfoton.;0.347;5;;77%;;"high_yaw(12); low_focus(3); high_pitch(1)";;0.2070;;0.6780;0;;"Få träningsbilder (5 st); Medelhög varians – möjligen blandade bilder; Hög andel misslyckade bilder (77%)";
589;Erin Stone;;Bara 3 träningsbild(er). → Samla fler bilder för att förbättra igenkänningen. | 73% av bilderna misslyckades. → Byt ut dåliga bilder mot tydligare ansiktsfoton.;0.347;3;;73%;;"high_yaw(7); low_focus(1)";;0.1494;;0.6891;0;;"Mycket få träningsbilder (3 st); Hög andel misslyckade bilder (73%)";
590;Erena Kurosawa;;82% av bilderna misslyckades. → Byt ut dåliga bilder mot tydligare ansiktsfoton.;0.347;6;;82%;;"high_yaw(19); no_faces(3); low_focus(2)";;0.1968;;0.5668;0;;"Få träningsbilder (6 st); Hög andel misslyckade bilder (82%)";
591;Sona Bella;;62% av bilderna misslyckades. → Byt ut dåliga bilder mot tydligare ansiktsfoton.;0.347;6;;62%;;"high_yaw(6); high_pitch(4)";;0.1585;;0.6014;1;;"Få träningsbilder (6 st); Hög andel misslyckade bilder (62%); 1 outlier-embedding(s)";
592;Stormy Rose;;Låg men mätbar osäkerhet – ingen akut åtgärd krävs.;0.347;5;;38%;;"high_yaw(2); high_pitch(1)";;0.2862;;0.6629;0;;"Få träningsbilder (5 st); Medelhög varians – möjligen blandade bilder";
593;Sophia Laure;Jessica Spielberg;Personerna har liknande ansiktsdrag (avstånd 0.654). → Kontrollera att bilderna ligger i rätt mappar. Överväg att lägga till fler distinkta bilder.;0.347;7;11;50%;21%;"high_yaw(5); high_pitch(2)";high_yaw(3);0.2326;0.1625;0.6545;1;1;"Få träningsbilder (7 st); Medelhög varians – möjligen blandade bilder; Ömsesidig förväxling med Jessica Spielberg (avstånd 0.654); 1 outlier-embedding(s)";"Ömsesidig förväxling med Sophia Laure (avstånd 0.654); 1 outlier-embedding(s)"
594;Iroha Suzumura;;79% av bilderna misslyckades. → Byt ut dåliga bilder mot tydligare ansiktsfoton.;0.347;8;;79%;;"high_yaw(13); low_focus(8); no_faces(6)";;0.2199;;0.6073;1;;"Medelhög varians – möjligen blandade bilder; Hög andel misslyckade bilder (79%); 1 outlier-embedding(s)";
595;Giselle Mari;;Hög varians tyder på att mappen innehåller bilder av flera personer. → Granska och rensa mappen. | 55% av bilderna misslyckades. → Byt ut dåliga bilder mot tydligare ansiktsfoton.;0.347;9;;55%;;"high_yaw(9); high_pitch(2)";;0.3103;;0.6950;1;;"Hög varians – troligen blandade identiteter i mappen; Hög andel misslyckade bilder (55%); 1 outlier-embedding(s)";
596;Susan Kiger;;69% av bilderna misslyckades. → Byt ut dåliga bilder mot tydligare ansiktsfoton.;0.347;5;;69%;;high_yaw(11);;0.2233;;0.6649;0;;"Få träningsbilder (5 st); Medelhög varians – möjligen blandade bilder; Hög andel misslyckade bilder (69%)";
597;Chloe Bright;;Hög varians tyder på att mappen innehåller bilder av flera personer. → Granska och rensa mappen.;0.347;8;;38%;;"high_yaw(3); high_pitch(2)";;0.3837;;0.6870;0;;Hög varians – troligen blandade identiteter i mappen;
598;Rachel Raven;;Låg men mätbar osäkerhet – ingen akut åtgärd krävs.;0.347;5;;44%;;high_yaw(4);;0.2717;;0.6409;0;;"Få träningsbilder (5 st); Medelhög varians – möjligen blandade bilder";
599;Luna Star;;57% av bilderna misslyckades. → Byt ut dåliga bilder mot tydligare ansiktsfoton.;0.347;6;;57%;;"high_yaw(7); high_pitch(1)";;0.2794;;0.6509;0;;"Få träningsbilder (6 st); Medelhög varians – möjligen blandade bilder; Hög andel misslyckade bilder (57%)";
600;Trina Marie;Sabina Rouge;Personerna har liknande ansiktsdrag (avstånd 0.679). → Kontrollera att bilderna ligger i rätt mappar. Överväg att lägga till fler distinkta bilder. | Trina Marie har 78% misslyckade bilder – byt ut lågkvalitetsbilder mot bättre. | Sabina Rouge har 51% misslyckade bilder – byt ut lågkvalitetsbilder mot bättre. | Trina Marie har bara 2 bilder – samla fler träningsbilder.;0.347;2;33;78%;51%;"high_pitch(4); high_yaw(3)";"high_yaw(26); high_pitch(4); no_faces(2)";0.1047;0.2448;0.6790;0;3;"Mycket få träningsbilder (2 st); Ömsesidig förväxling med Sabina Rouge (avstånd 0.679); Hög andel misslyckade bilder (78%)";"Medelhög varians – möjligen blandade bilder; Ömsesidig förväxling med Trina Marie (avstånd 0.679); Hög andel misslyckade bilder (51%); 3 outlier-embedding(s)"
601;Brianna Costello;;Låg men mätbar osäkerhet – ingen akut åtgärd krävs.;0.347;4;;43%;;high_yaw(3);;0.2409;;0.6619;0;;"Få träningsbilder (4 st); Medelhög varians – möjligen blandade bilder";
602;Jennifer Jordan;;69% av bilderna misslyckades. → Byt ut dåliga bilder mot tydligare ansiktsfoton.;0.347;4;;69%;;"high_yaw(7); high_pitch(1); low_focus(1)";;0.1881;;0.6403;0;;"Få träningsbilder (4 st); Hög andel misslyckade bilder (69%)";
603;Sinia A;;Bara 3 träningsbild(er). → Samla fler bilder för att förbättra igenkänningen. | 73% av bilderna misslyckades. → Byt ut dåliga bilder mot tydligare ansiktsfoton.;0.347;3;;73%;;"high_yaw(5); low_focus(2); high_pitch(1)";;0.1476;;0.6490;0;;"Mycket få träningsbilder (3 st); Hög andel misslyckade bilder (73%)";
604;Austin ORiley;Elizabeth Bally;Personerna har liknande ansiktsdrag (avstånd 0.653). → Kontrollera att bilderna ligger i rätt mappar. Överväg att lägga till fler distinkta bilder. | Austin ORiley har 89% misslyckade bilder – byt ut lågkvalitetsbilder mot bättre. | Elizabeth Bally har 52% misslyckade bilder – byt ut lågkvalitetsbilder mot bättre.;0.347;6;28;89%;52%;"high_yaw(38); low_focus(7); no_faces(4)";"high_yaw(23); low_focus(4); high_pitch(2)";0.2149;0.1984;0.6532;0;2;"Få träningsbilder (6 st); Medelhög varians – möjligen blandade bilder; Ömsesidig förväxling med Elizabeth Bally (avstånd 0.653); Hög andel misslyckade bilder (89%)";"Ömsesidig förväxling med Austin ORiley (avstånd 0.653); Hög andel misslyckade bilder (52%); 2 outlier-embedding(s)"
605;Elizabeth Minici;;Bara 2 träningsbild(er). → Samla fler bilder för att förbättra igenkänningen. | 71% av bilderna misslyckades. → Byt ut dåliga bilder mot tydligare ansiktsfoton.;0.346;2;;71%;;high_yaw(5);;0.1168;;0.6975;0;;"Mycket få träningsbilder (2 st); Hög andel misslyckade bilder (71%)";
606;Allison Banks;;Bara 2 träningsbild(er). → Samla fler bilder för att förbättra igenkänningen. | 80% av bilderna misslyckades. → Byt ut dåliga bilder mot tydligare ansiktsfoton.;0.346;2;;80%;;ok(8);;0.0996;;0.6450;0;;"Mycket få träningsbilder (2 st); Hög andel misslyckade bilder (80%)";
607;Ichigo Milk;;Bara 3 träningsbild(er). → Samla fler bilder för att förbättra igenkänningen. | 92% av bilderna misslyckades. → Byt ut dåliga bilder mot tydligare ansiktsfoton.;0.346;3;;92%;;ok(35);;0.1087;;0.6040;0;;"Mycket få träningsbilder (3 st); Hög andel misslyckade bilder (92%)";
608;Ayami Nishino;;86% av bilderna misslyckades. → Byt ut dåliga bilder mot tydligare ansiktsfoton.;0.346;7;;86%;;"high_yaw(25); no_faces(16); low_focus(2)";;0.2541;;0.6241;0;;"Få träningsbilder (7 st); Medelhög varians – möjligen blandade bilder; Hög andel misslyckade bilder (86%)";
609;Claudia Adams;Adelle Unicorn;Personerna har liknande ansiktsdrag (avstånd 0.644). → Kontrollera att bilderna ligger i rätt mappar. Överväg att lägga till fler distinkta bilder. | Claudia Adams har 79% misslyckade bilder – byt ut lågkvalitetsbilder mot bättre. | Adelle Unicorn har 59% misslyckade bilder – byt ut lågkvalitetsbilder mot bättre.;0.346;4;24;79%;59%;"high_yaw(10); low_focus(3); high_pitch(1)";"high_pitch(20); low_focus(5); high_yaw(5)";0.1682;0.1955;0.6444;0;2;"Få träningsbilder (4 st); Ömsesidig förväxling med Adelle Unicorn (avstånd 0.644); Hög andel misslyckade bilder (79%)";"Ömsesidig förväxling med Claudia Adams (avstånd 0.644); Hög andel misslyckade bilder (59%); 2 outlier-embedding(s)"
610;Nicole Luva;;Låg men mätbar osäkerhet – ingen akut åtgärd krävs.;0.346;6;;33%;;high_yaw(3);;0.2149;;0.6753;1;;"Få träningsbilder (6 st); Medelhög varians – möjligen blandade bilder; 1 outlier-embedding(s)";
611;Corina Rain;;55% av bilderna misslyckades. → Byt ut dåliga bilder mot tydligare ansiktsfoton.;0.346;5;;55%;;ok(6);;0.2503;;0.6093;0;;"Få träningsbilder (5 st); Medelhög varians – möjligen blandade bilder; Hög andel misslyckade bilder (55%)";
612;Sinnamon Love;Rose Glitch;Personerna har liknande ansiktsdrag (avstånd 0.691). → Kontrollera att bilderna ligger i rätt mappar. Överväg att lägga till fler distinkta bilder. | Sinnamon Love har 70% misslyckade bilder – byt ut lågkvalitetsbilder mot bättre. | Rose Glitch har 59% misslyckade bilder – byt ut lågkvalitetsbilder mot bättre. | Sinnamon Love har bara 3 bilder – samla fler träningsbilder.;0.346;3;11;70%;59%;"high_yaw(6); high_pitch(1)";"high_yaw(12); no_faces(3); low_focus(1)";0.1526;0.1639;0.6910;0;1;"Mycket få träningsbilder (3 st); Ömsesidig förväxling med Rose Glitch (avstånd 0.691); Hög andel misslyckade bilder (70%)";"Ömsesidig förväxling med Sinnamon Love (avstånd 0.691); Hög andel misslyckade bilder (59%); 1 outlier-embedding(s)"
613;Taina Monteiro;;64% av bilderna misslyckades. → Byt ut dåliga bilder mot tydligare ansiktsfoton.;0.346;4;;64%;;"high_yaw(6); high_pitch(1)";;0.1986;;0.6607;0;;"Få träningsbilder (4 st); Hög andel misslyckade bilder (64%)";
614;Layla Balan;;Bara 2 träningsbild(er). → Samla fler bilder för att förbättra igenkänningen. | 67% av bilderna misslyckades. → Byt ut dåliga bilder mot tydligare ansiktsfoton.;0.346;2;;67%;;"high_yaw(3); high_pitch(1)";;0.1259;;0.6146;0;;"Mycket få träningsbilder (2 st); Hög andel misslyckade bilder (67%)";
615;Sarah Heizel;;67% av bilderna misslyckades. → Byt ut dåliga bilder mot tydligare ansiktsfoton.;0.346;4;;67%;;"high_yaw(6); high_pitch(2)";;0.1925;;0.6881;0;;"Få träningsbilder (4 st); Hög andel misslyckade bilder (67%)";
616;Irina Sivalnaya;;55% av bilderna misslyckades. → Byt ut dåliga bilder mot tydligare ansiktsfoton.;0.346;5;;55%;;"high_pitch(3); high_yaw(3)";;0.2501;;0.7099;0;;"Få träningsbilder (5 st); Medelhög varians – möjligen blandade bilder; Hög andel misslyckade bilder (55%)";
617;Chisato Mukai;Hitomi Oki;Personerna har liknande ansiktsdrag (avstånd 0.578). → Kontrollera att bilderna ligger i rätt mappar. Överväg att lägga till fler distinkta bilder. | Chisato Mukai har 77% misslyckade bilder – byt ut lågkvalitetsbilder mot bättre. | Hitomi Oki har 72% misslyckade bilder – byt ut lågkvalitetsbilder mot bättre.;0.346;5;10;77%;72%;"high_yaw(14); low_focus(3)";"no_faces(9); high_pitch(8); high_yaw(6)";0.1760;0.1607;0.5781;0;1;"Få träningsbilder (5 st); Ömsesidig förväxling med Hitomi Oki (avstånd 0.578); Hög andel misslyckade bilder (77%)";"Ömsesidig förväxling med Chisato Mukai (avstånd 0.578); Hög andel misslyckade bilder (72%); 1 outlier-embedding(s)"
618;Jessica Mazury;Aubrey Evans;Hög varians i Jessica Mazury tyder på blandade identiteter. → Granska bilderna i mappen och flytta felplacerade bilder till rätt person.;0.346;5;28;50%;38%;"high_yaw(4); high_pitch(1)";"high_yaw(11); no_faces(5); high_pitch(1)";0.2591;0.1620;0.6035;0;3;"Få träningsbilder (5 st); Medelhög varians – möjligen blandade bilder; Ömsesidig förväxling med Aubrey Evans (avstånd 0.603)";"Ömsesidig förväxling med Jessica Mazury (avstånd 0.603); 3 outlier-embedding(s)"
619;Stacy Sommers;;68% av bilderna misslyckades. → Byt ut dåliga bilder mot tydligare ansiktsfoton.;0.346;6;;68%;;"high_yaw(7); no_faces(6)";;0.1444;;0.6213;1;;"Få träningsbilder (6 st); Hög andel misslyckade bilder (68%); 1 outlier-embedding(s)";
620;Wendy Kaye;;Låg men mätbar osäkerhet – ingen akut åtgärd krävs.;0.346;5;;38%;;"high_pitch(2); high_yaw(1)";;0.2840;;0.6820;0;;"Få träningsbilder (5 st); Medelhög varians – möjligen blandade bilder";
621;Cory Lane;;Bara 3 träningsbild(er). → Samla fler bilder för att förbättra igenkänningen. | 73% av bilderna misslyckades. → Byt ut dåliga bilder mot tydligare ansiktsfoton.;0.346;3;;73%;;"high_yaw(4); high_pitch(3); low_focus(1)";;0.1468;;0.6224;0;;"Mycket få träningsbilder (3 st); Hög andel misslyckade bilder (73%)";
622;Sayo Fujiwara;;58% av bilderna misslyckades. → Byt ut dåliga bilder mot tydligare ansiktsfoton.;0.346;5;;58%;;"high_yaw(6); low_focus(1)";;0.2422;;0.6206;0;;"Få träningsbilder (5 st); Medelhög varians – möjligen blandade bilder; Hög andel misslyckade bilder (58%)";
623;Bonnie Lee;;56% av bilderna misslyckades. → Byt ut dåliga bilder mot tydligare ansiktsfoton.;0.346;4;;56%;;high_yaw(5);;0.2143;;0.6816;0;;"Få träningsbilder (4 st); Medelhög varians – möjligen blandade bilder; Hög andel misslyckade bilder (56%)";
624;Anna Mated;;Låg men mätbar osäkerhet – ingen akut åtgärd krävs.;0.346;8;;47%;;"high_pitch(4); high_yaw(3)";;0.2821;;0.6771;1;;"Medelhög varians – möjligen blandade bilder; 1 outlier-embedding(s)";
625;Lina Roselina;;Bara 2 träningsbild(er). → Samla fler bilder för att förbättra igenkänningen. | 60% av bilderna misslyckades. → Byt ut dåliga bilder mot tydligare ansiktsfoton.;0.346;2;;60%;;"high_pitch(2); high_yaw(1)";;0.1387;;0.6643;0;;"Mycket få träningsbilder (2 st); Hög andel misslyckade bilder (60%)";
626;Dannell Norfolk;;69% av bilderna misslyckades. → Byt ut dåliga bilder mot tydligare ansiktsfoton.;0.346;9;;69%;;"high_yaw(7); no_faces(7); high_pitch(5)";;0.2799;;0.6889;1;;"Medelhög varians – möjligen blandade bilder; Hög andel misslyckade bilder (69%); 1 outlier-embedding(s)";
627;Yuri Sato;;58% av bilderna misslyckades. → Byt ut dåliga bilder mot tydligare ansiktsfoton.;0.346;5;;58%;;"high_yaw(4); high_pitch(2); low_focus(1)";;0.2419;;0.6218;0;;"Få träningsbilder (5 st); Medelhög varians – möjligen blandade bilder; Hög andel misslyckade bilder (58%)";
628;Elizabeth Ann Hilden;Ginger Miller;Personerna har liknande ansiktsdrag (avstånd 0.593). → Kontrollera att bilderna ligger i rätt mappar. Överväg att lägga till fler distinkta bilder. | Elizabeth Ann Hilden har 60% misslyckade bilder – byt ut lågkvalitetsbilder mot bättre. | Ginger Miller har 64% misslyckade bilder – byt ut lågkvalitetsbilder mot bättre. | Elizabeth Ann Hilden har bara 2 bilder – samla fler träningsbilder.;0.346;2;5;60%;64%;ok(3);"high_yaw(7); low_focus(2)";0.1297;0.1281;0.5932;0;0;"Mycket få träningsbilder (2 st); Ömsesidig förväxling med Ginger Miller (avstånd 0.593); Hög andel misslyckade bilder (60%)";"Få träningsbilder (5 st); Ömsesidig förväxling med Elizabeth Ann Hilden (avstånd 0.593); Hög andel misslyckade bilder (64%)"
629;Maxim Law;;Bara 2 träningsbild(er). → Samla fler bilder för att förbättra igenkänningen. | 75% av bilderna misslyckades. → Byt ut dåliga bilder mot tydligare ansiktsfoton.;0.346;2;;75%;;"high_yaw(4); high_pitch(2)";;0.1084;;0.6804;0;;"Mycket få träningsbilder (2 st); Hög andel misslyckade bilder (75%)";
630;Islavoika;;70% av bilderna misslyckades. → Byt ut dåliga bilder mot tydligare ansiktsfoton.;0.346;7;;70%;;"high_yaw(11); no_faces(4); high_pitch(1)";;0.1907;;0.6758;1;;"Få träningsbilder (7 st); Hög andel misslyckade bilder (70%); 1 outlier-embedding(s)";
631;Nikki Jayne;;Låg men mätbar osäkerhet – ingen akut åtgärd krävs.;0.346;4;;43%;;"high_yaw(2); high_pitch(1)";;0.2393;;0.6134;0;;"Få träningsbilder (4 st); Medelhög varians – möjligen blandade bilder";
632;Blake Riley;;83% av bilderna misslyckades. → Byt ut dåliga bilder mot tydligare ansiktsfoton.;0.346;5;;83%;;"high_yaw(19); multiple_faces(3); no_faces(2)";;0.1928;;0.6267;0;;"Få träningsbilder (5 st); Hög andel misslyckade bilder (83%)";
633;Jodi James;;Bara 2 träningsbild(er). → Samla fler bilder för att förbättra igenkänningen. | 88% av bilderna misslyckades. → Byt ut dåliga bilder mot tydligare ansiktsfoton.;0.346;2;;88%;;ok(15);;0.0818;;0.7055;0;;"Mycket få träningsbilder (2 st); Hög andel misslyckade bilder (88%)";
634;Kiley Jay;;Låg men mätbar osäkerhet – ingen akut åtgärd krävs.;0.346;7;;46%;;"high_yaw(3); high_pitch(2); low_focus(1)";;0.2374;;0.6822;1;;"Få träningsbilder (7 st); Medelhög varians – möjligen blandade bilder; 1 outlier-embedding(s)";
635;Jennifer Clark;Allysin Moore;Personerna har liknande ansiktsdrag (avstånd 0.592). → Kontrollera att bilderna ligger i rätt mappar. Överväg att lägga till fler distinkta bilder. | Jennifer Clark har 78% misslyckade bilder – byt ut lågkvalitetsbilder mot bättre. | Allysin Moore har 64% misslyckade bilder – byt ut lågkvalitetsbilder mot bättre.;0.346;4;27;78%;64%;"high_yaw(7); high_pitch(2); no_faces(2)";"high_yaw(30); high_pitch(7); low_focus(6)";0.1584;0.2256;0.5916;0;2;"Få träningsbilder (4 st); Ömsesidig förväxling med Allysin Moore (avstånd 0.592); Hög andel misslyckade bilder (78%)";"Medelhög varians – möjligen blandade bilder; Ömsesidig förväxling med Jennifer Clark (avstånd 0.592); Hög andel misslyckade bilder (64%); 2 outlier-embedding(s)"
636;Uma Masome;Diamond Fontane;Hög varians i Uma Masome tyder på blandade identiteter. → Granska bilderna i mappen och flytta felplacerade bilder till rätt person.;0.346;8;26;47%;48%;"high_yaw(5); multiple_faces(1); low_focus(1)";"high_yaw(13); no_faces(9); high_pitch(2)";0.2814;0.2428;0.6304;1;2;"Medelhög varians – möjligen blandade bilder; Ömsesidig förväxling med Diamond Fontane (avstånd 0.630); 1 outlier-embedding(s)";"Medelhög varians – möjligen blandade bilder; Ömsesidig förväxling med Uma Masome (avstånd 0.630); 2 outlier-embedding(s)"
637;Tania Russof;Judy Ann Santos;Personerna har liknande ansiktsdrag (avstånd 0.656). → Kontrollera att bilderna ligger i rätt mappar. Överväg att lägga till fler distinkta bilder. | Tania Russof har 73% misslyckade bilder – byt ut lågkvalitetsbilder mot bättre. | Tania Russof har bara 3 bilder – samla fler träningsbilder.;0.346;3;11;73%;48%;"high_yaw(7); low_focus(1)";"low_focus(4); high_yaw(4); no_faces(1)";0.1458;0.1148;0.6564;0;1;"Mycket få träningsbilder (3 st); Ömsesidig förväxling med Judy Ann Santos (avstånd 0.656); Hög andel misslyckade bilder (73%)";"Ömsesidig förväxling med Tania Russof (avstånd 0.656); 1 outlier-embedding(s)"
638;Tami Fabiana;Juliana Gomes;Personerna har liknande ansiktsdrag (avstånd 0.649). → Kontrollera att bilderna ligger i rätt mappar. Överväg att lägga till fler distinkta bilder. | Tami Fabiana har bara 3 bilder – samla fler träningsbilder.;0.346;3;11;40%;39%;high_yaw(2);"high_yaw(3); high_pitch(2); no_faces(2)";0.2111;0.2404;0.6494;0;1;"Mycket få träningsbilder (3 st); Medelhög varians – möjligen blandade bilder; Ömsesidig förväxling med Juliana Gomes (avstånd 0.649)";"Medelhög varians – möjligen blandade bilder; Ömsesidig förväxling med Tami Fabiana (avstånd 0.649); 1 outlier-embedding(s)"
639;Suzie Moss;;Bara 3 träningsbild(er). → Samla fler bilder för att förbättra igenkänningen. | 77% av bilderna misslyckades. → Byt ut dåliga bilder mot tydligare ansiktsfoton.;0.346;3;;77%;;"high_yaw(9); high_pitch(1)";;0.1373;;0.6714;0;;"Mycket få träningsbilder (3 st); Hög andel misslyckade bilder (77%)";
640;Debby Paige;;60% av bilderna misslyckades. → Byt ut dåliga bilder mot tydligare ansiktsfoton.;0.345;6;;60%;;"high_yaw(4); high_pitch(4); low_focus(1)";;0.2710;;0.6731;0;;"Få träningsbilder (6 st); Medelhög varians – möjligen blandade bilder; Hög andel misslyckade bilder (60%)";
641;Dakota James;;82% av bilderna misslyckades. → Byt ut dåliga bilder mot tydligare ansiktsfoton.;0.345;4;;82%;;"high_yaw(17); high_pitch(1)";;0.1605;;0.7018;0;;"Få träningsbilder (4 st); Hög andel misslyckade bilder (82%)";
642;Sofia Lata;Abigail 18;Personerna har liknande ansiktsdrag (avstånd 0.679). → Kontrollera att bilderna ligger i rätt mappar. Överväg att lägga till fler distinkta bilder. | Sofia Lata har 57% misslyckade bilder – byt ut lågkvalitetsbilder mot bättre. | Abigail 18 har 52% misslyckade bilder – byt ut lågkvalitetsbilder mot bättre. | Sofia Lata har bara 3 bilder – samla fler träningsbilder.;0.345;3;19;57%;52%;ok(4);"low_focus(10); high_pitch(7); high_yaw(3)";0.1765;0.1218;0.6786;0;2;"Mycket få träningsbilder (3 st); Ömsesidig förväxling med Abigail 18 (avstånd 0.679); Hög andel misslyckade bilder (57%)";"Ömsesidig förväxling med Sofia Lata (avstånd 0.679); Hög andel misslyckade bilder (52%); 2 outlier-embedding(s)"
643;Vivian Silverstone;Skyy Cherry;Personerna har liknande ansiktsdrag (avstånd 0.644). → Kontrollera att bilderna ligger i rätt mappar. Överväg att lägga till fler distinkta bilder. | Vivian Silverstone har 78% misslyckade bilder – byt ut lågkvalitetsbilder mot bättre. | Vivian Silverstone har bara 2 bilder – samla fler träningsbilder.;0.345;2;5;78%;17%;"high_yaw(4); high_pitch(2); low_focus(1)";low_focus(1);0.1018;0.1865;0.6444;0;0;"Mycket få träningsbilder (2 st); Ömsesidig förväxling med Skyy Cherry (avstånd 0.644); Hög andel misslyckade bilder (78%)";"Få träningsbilder (5 st); Ömsesidig förväxling med Vivian Silverstone (avstånd 0.644)"
644;Angelica Meow;Dasha Gold;Personerna har liknande ansiktsdrag (avstånd 0.617). → Kontrollera att bilderna ligger i rätt mappar. Överväg att lägga till fler distinkta bilder. | Angelica Meow har 83% misslyckade bilder – byt ut lågkvalitetsbilder mot bättre.;0.345;5;5;83%;50%;"no_faces(13); high_yaw(9); high_pitch(2)";"high_pitch(3); high_yaw(2)";0.1917;0.1967;0.6174;0;0;"Få träningsbilder (5 st); Ömsesidig förväxling med Dasha Gold (avstånd 0.617); Hög andel misslyckade bilder (83%)";"Få träningsbilder (5 st); Ömsesidig förväxling med Angelica Meow (avstånd 0.617)"
645;Ami Kurosawa;;55% av bilderna misslyckades. → Byt ut dåliga bilder mot tydligare ansiktsfoton.;0.345;5;;55%;;ok(6);;0.1969;;0.5491;0;;"Få träningsbilder (5 st); Hög andel misslyckade bilder (55%)";
646;Yui Kyono;;Bara 2 träningsbild(er). → Samla fler bilder för att förbättra igenkänningen. | 60% av bilderna misslyckades. → Byt ut dåliga bilder mot tydligare ansiktsfoton.;0.345;2;;60%;;no_faces(3);;0.1369;;0.6336;0;;"Mycket få träningsbilder (2 st); Hög andel misslyckade bilder (60%)";
647;Ema Kizaki;;Bara 3 träningsbild(er). → Samla fler bilder för att förbättra igenkänningen. | 75% av bilderna misslyckades. → Byt ut dåliga bilder mot tydligare ansiktsfoton.;0.345;3;;75%;;"high_yaw(7); high_pitch(2)";;0.1294;;0.5892;0;;"Mycket få träningsbilder (3 st); Hög andel misslyckade bilder (75%)";
648;Aya Sakuraba;Ai Sakura;Namnen är nästan identiska – troligen samma person. → MERGE: Slå ihop 'Aya Sakuraba' och 'Ai Sakura' i merge.txt. | Aya Sakuraba har 74% misslyckade bilder – byt ut lågkvalitetsbilder mot bättre. | Ai Sakura har 72% misslyckade bilder – byt ut lågkvalitetsbilder mot bättre.;0.345;13;14;74%;72%;"high_yaw(22); low_focus(7); no_faces(6)";"high_yaw(13); no_faces(13); low_focus(8)";0.3088;0.2399;0.5112;1;1;"Hög varians – troligen blandade identiteter i mappen; Ömsesidig förväxling med Ai Sakura (avstånd 0.511); Hög andel misslyckade bilder (74%); 1 outlier-embedding(s)";"Medelhög varians – möjligen blandade bilder; Ömsesidig förväxling med Aya Sakuraba (avstånd 0.511); Hög andel misslyckade bilder (72%); 1 outlier-embedding(s)"
649;Zoe West;;55% av bilderna misslyckades. → Byt ut dåliga bilder mot tydligare ansiktsfoton.;0.345;5;;55%;;high_yaw(6);;0.2475;;0.7183;0;;"Få träningsbilder (5 st); Medelhög varians – möjligen blandade bilder; Hög andel misslyckade bilder (55%)";
650;Cecilia Cortez;;Låg men mätbar osäkerhet – ingen akut åtgärd krävs.;0.345;6;;25%;;high_yaw(2);;0.2287;;0.6048;1;;"Få träningsbilder (6 st); Medelhög varians – möjligen blandade bilder; 1 outlier-embedding(s)";
651;Brittney Skye;;64% av bilderna misslyckades. → Byt ut dåliga bilder mot tydligare ansiktsfoton.;0.345;5;;64%;;ok(9);;0.2278;;0.6207;0;;"Få träningsbilder (5 st); Medelhög varians – möjligen blandade bilder; Hög andel misslyckade bilder (64%)";
652;Danielle X;Lisa Musa;Personerna har liknande ansiktsdrag (avstånd 0.653). → Kontrollera att bilderna ligger i rätt mappar. Överväg att lägga till fler distinkta bilder. | Danielle X har 71% misslyckade bilder – byt ut lågkvalitetsbilder mot bättre. | Lisa Musa har 74% misslyckade bilder – byt ut lågkvalitetsbilder mot bättre.;0.345;6;13;71%;74%;"high_yaw(7); high_pitch(7); low_focus(1)";"high_yaw(21); no_faces(8); high_pitch(4)";0.1357;0.2011;0.6526;1;0;"Få träningsbilder (6 st); Ömsesidig förväxling med Lisa Musa (avstånd 0.653); Hög andel misslyckade bilder (71%); 1 outlier-embedding(s)";"Medelhög varians – möjligen blandade bilder; Ömsesidig förväxling med Danielle X (avstånd 0.653); Hög andel misslyckade bilder (74%)"
653;Fu Sazanami;;Bara 3 träningsbild(er). → Samla fler bilder för att förbättra igenkänningen. | 94% av bilderna misslyckades. → Byt ut dåliga bilder mot tydligare ansiktsfoton.;0.345;3;;94%;;"high_yaw(35); low_focus(7); no_faces(4)";;0.1016;;0.6148;0;;"Mycket få träningsbilder (3 st); Hög andel misslyckade bilder (94%)";
654;Kimberly Kato;Yaiselys;Personerna har liknande ansiktsdrag (avstånd 0.602). → Kontrollera att bilderna ligger i rätt mappar. Överväg att lägga till fler distinkta bilder. | Kimberly Kato har 57% misslyckade bilder – byt ut lågkvalitetsbilder mot bättre. | Yaiselys har 54% misslyckade bilder – byt ut lågkvalitetsbilder mot bättre. | Kimberly Kato har bara 3 bilder – samla fler träningsbilder.;0.345;3;16;57%;54%;ok(4);high_yaw(19);0.1753;0.1650;0.6023;0;1;"Mycket få träningsbilder (3 st); Ömsesidig förväxling med Yaiselys (avstånd 0.602); Hög andel misslyckade bilder (57%)";"Ömsesidig förväxling med Kimberly Kato (avstånd 0.602); Hög andel misslyckade bilder (54%); 1 outlier-embedding(s)"
655;Toni Marie;;Låg men mätbar osäkerhet – ingen akut åtgärd krävs.;0.345;7;;46%;;"high_yaw(4); no_faces(2)";;0.2321;;0.5967;1;;"Få träningsbilder (7 st); Medelhög varians – möjligen blandade bilder; 1 outlier-embedding(s)";
656;Indigo Augustine;;82% av bilderna misslyckades. → Byt ut dåliga bilder mot tydligare ansiktsfoton.;0.345;9;;82%;;"high_yaw(25); no_faces(8); high_pitch(4)";;0.2514;;0.7065;1;;"Medelhög varians – möjligen blandade bilder; Hög andel misslyckade bilder (82%); 1 outlier-embedding(s)";
657;Stella Banks;;Låg men mätbar osäkerhet – ingen akut åtgärd krävs.;0.345;6;;40%;;"high_yaw(3); high_pitch(1)";;0.1982;;0.7506;1;;"Få träningsbilder (6 st); 1 outlier-embedding(s)";
658;Ava Parker;;Hög varians tyder på att mappen innehåller bilder av flera personer. → Granska och rensa mappen. | 61% av bilderna misslyckades. → Byt ut dåliga bilder mot tydligare ansiktsfoton.;0.345;7;;61%;;"high_yaw(7); high_pitch(3); low_focus(1)";;0.3003;;0.7032;0;;"Få träningsbilder (7 st); Hög varians – troligen blandade identiteter i mappen; Hög andel misslyckade bilder (61%)";
659;Crystal A;Esmeralda Fox;Personerna har liknande ansiktsdrag (avstånd 0.673). → Kontrollera att bilderna ligger i rätt mappar. Överväg att lägga till fler distinkta bilder. | Crystal A har 88% misslyckade bilder – byt ut lågkvalitetsbilder mot bättre. | Esmeralda Fox har 75% misslyckade bilder – byt ut lågkvalitetsbilder mot bättre. | Crystal A har bara 2 bilder – samla fler träningsbilder.;0.345;2;15;88%;75%;"high_yaw(6); no_faces(6); low_focus(2)";"no_faces(18); high_yaw(15); low_focus(8)";0.0807;0.1588;0.6734;0;1;"Mycket få träningsbilder (2 st); Ömsesidig förväxling med Esmeralda Fox (avstånd 0.673); Hög andel misslyckade bilder (88%)";"Ömsesidig förväxling med Crystal A (avstånd 0.673); Hög andel misslyckade bilder (75%); 1 outlier-embedding(s)"
660;Gia Paloma;;67% av bilderna misslyckades. → Byt ut dåliga bilder mot tydligare ansiktsfoton.;0.345;5;;67%;;ok(10);;0.2223;;0.6001;0;;"Få träningsbilder (5 st); Medelhög varians – möjligen blandade bilder; Hög andel misslyckade bilder (67%)";
661;Hazel Paradise;;Låg men mätbar osäkerhet – ingen akut åtgärd krävs.;0.344;4;;20%;;ok(1);;0.2823;;0.6931;0;;"Få träningsbilder (4 st); Medelhög varians – möjligen blandade bilder";
662;Alice Nice;;Bara 2 träningsbild(er). → Samla fler bilder för att förbättra igenkänningen. | 80% av bilderna misslyckades. → Byt ut dåliga bilder mot tydligare ansiktsfoton.;0.344;2;;80%;;"high_yaw(4); low_focus(4)";;0.0956;;0.7057;0;;"Mycket få träningsbilder (2 st); Hög andel misslyckade bilder (80%)";
663;Eva Violet;;Bara 3 träningsbild(er). → Samla fler bilder för att förbättra igenkänningen.;0.344;3;;40%;;ok(2);;0.2089;;0.6818;0;;"Mycket få träningsbilder (3 st); Medelhög varians – möjligen blandade bilder";
664;Veronique Fuente;;Låg men mätbar osäkerhet – ingen akut åtgärd krävs.;0.344;5;;38%;;high_yaw(3);;0.2805;;0.7074;0;;"Få träningsbilder (5 st); Medelhög varians – möjligen blandade bilder";
665;Risa Onodera;;75% av bilderna misslyckades. → Byt ut dåliga bilder mot tydligare ansiktsfoton.;0.344;7;;75%;;"high_yaw(11); no_faces(6); low_focus(2)";;0.2721;;0.6679;0;;"Få träningsbilder (7 st); Medelhög varians – möjligen blandade bilder; Hög andel misslyckade bilder (75%)";
666;Jade Winters;;Låg men mätbar osäkerhet – ingen akut åtgärd krävs.;0.344;6;;40%;;"high_yaw(3); high_pitch(1)";;0.1977;;0.7181;1;;"Få träningsbilder (6 st); 1 outlier-embedding(s)";
667;Sasha Royce;Candace Von;Personerna har liknande ansiktsdrag (avstånd 0.621). → Kontrollera att bilderna ligger i rätt mappar. Överväg att lägga till fler distinkta bilder. | Sasha Royce har 80% misslyckade bilder – byt ut lågkvalitetsbilder mot bättre.;0.344;6;27;80%;46%;"high_yaw(11); no_faces(11); high_pitch(2)";"high_yaw(20); low_focus(1); high_pitch(1)";0.1176;0.1986;0.6206;1;1;"Få träningsbilder (6 st); Ömsesidig förväxling med Candace Von (avstånd 0.621); Hög andel misslyckade bilder (80%); 1 outlier-embedding(s)";"Ömsesidig förväxling med Sasha Royce (avstånd 0.621); 1 outlier-embedding(s)"
668;Hanna Lace;;60% av bilderna misslyckades. → Byt ut dåliga bilder mot tydligare ansiktsfoton.;0.344;4;;60%;;"high_yaw(3); high_pitch(3)";;0.2021;;0.6641;0;;"Få träningsbilder (4 st); Medelhög varians – möjligen blandade bilder; Hög andel misslyckade bilder (60%)";
669;Trinity Post;;58% av bilderna misslyckades. → Byt ut dåliga bilder mot tydligare ansiktsfoton.;0.344;5;;58%;;"high_yaw(6); low_focus(1)";;0.2386;;0.6480;0;;"Få träningsbilder (5 st); Medelhög varians – möjligen blandade bilder; Hög andel misslyckade bilder (58%)";
670;Jennla Moore;Charity McLain;Personerna har liknande ansiktsdrag (avstånd 0.597). → Kontrollera att bilderna ligger i rätt mappar. Överväg att lägga till fler distinkta bilder. | Jennla Moore har 75% misslyckade bilder – byt ut lågkvalitetsbilder mot bättre.;0.344;5;6;75%;25%;"no_faces(8); high_yaw(7)";high_yaw(2);0.2014;0.2437;0.5970;0;0;"Få träningsbilder (5 st); Medelhög varians – möjligen blandade bilder; Ömsesidig förväxling med Charity McLain (avstånd 0.597); Hög andel misslyckade bilder (75%)";"Få träningsbilder (6 st); Medelhög varians – möjligen blandade bilder; Ömsesidig förväxling med Jennla Moore (avstånd 0.597)"
671;Devyn Devine;;84% av bilderna misslyckades. → Byt ut dåliga bilder mot tydligare ansiktsfoton.;0.344;8;;84%;;"high_yaw(20); low_focus(14); no_faces(5)";;0.2491;;0.5619;0;;"Medelhög varians – möjligen blandade bilder; Hög andel misslyckade bilder (84%)";
672;Casey Connelly;Raquel Monique;Hög varians i Casey Connelly tyder på blandade identiteter. → Granska bilderna i mappen och flytta felplacerade bilder till rätt person. | Raquel Monique har 58% misslyckade bilder – byt ut lågkvalitetsbilder mot bättre.;0.344;8;27;38%;58%;high_yaw(5);"high_yaw(24); high_pitch(12); no_faces(1)";0.2949;0.2057;0.6651;1;2;"Medelhög varians – möjligen blandade bilder; Ömsesidig förväxling med Raquel Monique (avstånd 0.665); 1 outlier-embedding(s)";"Medelhög varians – möjligen blandade bilder; Ömsesidig förväxling med Casey Connelly (avstånd 0.665); Hög andel misslyckade bilder (58%); 2 outlier-embedding(s)"
673;Ericka Liu;;81% av bilderna misslyckades. → Byt ut dåliga bilder mot tydligare ansiktsfoton.;0.344;5;;81%;;"no_faces(13); high_yaw(8); high_pitch(1)";;0.1922;;0.6319;0;;"Få träningsbilder (5 st); Hög andel misslyckade bilder (81%)";
674;Starri Knight;;77% av bilderna misslyckades. → Byt ut dåliga bilder mot tydligare ansiktsfoton.;0.344;7;;77%;;"high_yaw(16); no_faces(8)";;0.2670;;0.6217;0;;"Få träningsbilder (7 st); Medelhög varians – möjligen blandade bilder; Hög andel misslyckade bilder (77%)";
675;Jezebeth;;Bara 2 träningsbild(er). → Samla fler bilder för att förbättra igenkänningen. | 90% av bilderna misslyckades. → Byt ut dåliga bilder mot tydligare ansiktsfoton.;0.344;2;;90%;;"no_faces(8); high_yaw(6); low_focus(4)";;0.0751;;0.6942;0;;"Mycket få träningsbilder (2 st); Hög andel misslyckade bilder (90%)";
676;Silvia Bella;;64% av bilderna misslyckades. → Byt ut dåliga bilder mot tydligare ansiktsfoton.;0.344;4;;64%;;"high_yaw(3); high_pitch(3); no_faces(1)";;0.1944;;0.7165;0;;"Få träningsbilder (4 st); Hög andel misslyckade bilder (64%)";
677;Raisa Wetsx;Proxy Paige;Hög varians i Raisa Wetsx tyder på blandade identiteter. → Granska bilderna i mappen och flytta felplacerade bilder till rätt person. | Proxy Paige har 74% misslyckade bilder – byt ut lågkvalitetsbilder mot bättre.;0.344;4;13;33%;74%;high_yaw(2);"high_yaw(20); no_faces(10); high_pitch(4)";0.2549;0.2182;0.6824;0;2;"Få träningsbilder (4 st); Medelhög varians – möjligen blandade bilder; Ömsesidig förväxling med Proxy Paige (avstånd 0.682)";"Medelhög varians – möjligen blandade bilder; Ömsesidig förväxling med Raisa Wetsx (avstånd 0.682); Hög andel misslyckade bilder (74%); 2 outlier-embedding(s)"
678;Britney Stevens;Whitney Stevens;Namnen är nästan identiska – troligen samma person. → MERGE: Slå ihop 'Britney Stevens' och 'Whitney Stevens' i merge.txt. | Britney Stevens har 69% misslyckade bilder – byt ut lågkvalitetsbilder mot bättre.;0.344;5;10;69%;47%;high_yaw(11);"high_yaw(7); high_pitch(2)";0.1769;0.1881;0.5689;0;0;"Få träningsbilder (5 st); Ömsesidig förväxling med Whitney Stevens (avstånd 0.569); Hög andel misslyckade bilder (69%)";Ömsesidig förväxling med Britney Stevens (avstånd 0.569)
679;Ruby Temptations;Dora Flynn;Personerna har liknande ansiktsdrag (avstånd 0.598). → Kontrollera att bilderna ligger i rätt mappar. Överväg att lägga till fler distinkta bilder. | Ruby Temptations har 75% misslyckade bilder – byt ut lågkvalitetsbilder mot bättre. | Dora Flynn har 75% misslyckade bilder – byt ut lågkvalitetsbilder mot bättre. | Ruby Temptations har bara 3 bilder – samla fler träningsbilder.;0.344;3;6;75%;75%;"high_yaw(6); high_pitch(2); low_focus(1)";high_yaw(18);0.1356;0.1304;0.5980;0;0;"Mycket få träningsbilder (3 st); Ömsesidig förväxling med Dora Flynn (avstånd 0.598); Hög andel misslyckade bilder (75%)";"Få träningsbilder (6 st); Ömsesidig förväxling med Ruby Temptations (avstånd 0.598); Hög andel misslyckade bilder (75%)"
680;Holly Deacon;Tiffani Madison;Personerna har liknande ansiktsdrag (avstånd 0.559). → Kontrollera att bilderna ligger i rätt mappar. Överväg att lägga till fler distinkta bilder. | Holly Deacon har 67% misslyckade bilder – byt ut lågkvalitetsbilder mot bättre. | Tiffani Madison har 66% misslyckade bilder – byt ut lågkvalitetsbilder mot bättre. | Holly Deacon har bara 3 bilder – samla fler träningsbilder.;0.344;3;19;67%;66%;ok(6);"high_yaw(24); high_pitch(9); low_focus(2)";0.1012;0.1751;0.5589;0;1;"Mycket få träningsbilder (3 st); Ömsesidig förväxling med Tiffani Madison (avstånd 0.559); Hög andel misslyckade bilder (67%)";"Ömsesidig förväxling med Holly Deacon (avstånd 0.559); Hög andel misslyckade bilder (66%); 1 outlier-embedding(s)"
681;Coral Aorta;;84% av bilderna misslyckades. → Byt ut dåliga bilder mot tydligare ansiktsfoton.;0.344;8;;84%;;"high_yaw(20); low_focus(11); no_faces(9)";;0.2866;;0.6877;0;;"Medelhög varians – möjligen blandade bilder; Hög andel misslyckade bilder (84%)";
682;Candy Cantaloupes;Dolorian;Hög varians i Candy Cantaloupes tyder på blandade identiteter. → Granska bilderna i mappen och flytta felplacerade bilder till rätt person.;0.344;5;18;29%;47%;high_yaw(2);"high_yaw(15); no_faces(1)";0.2975;0.1438;0.6388;0;0;"Få träningsbilder (5 st); Medelhög varians – möjligen blandade bilder; Ömsesidig förväxling med Dolorian (avstånd 0.639)";Ömsesidig förväxling med Candy Cantaloupes (avstånd 0.639)
683;Summer Sweet;;Bara 2 träningsbild(er). → Samla fler bilder för att förbättra igenkänningen. | 83% av bilderna misslyckades. → Byt ut dåliga bilder mot tydligare ansiktsfoton.;0.344;2;;83%;;"high_yaw(8); no_faces(2)";;0.0879;;0.6951;0;;"Mycket få träningsbilder (2 st); Hög andel misslyckade bilder (83%)";
684;Celia Jones;;Bara 3 träningsbild(er). → Samla fler bilder för att förbättra igenkänningen. | 57% av bilderna misslyckades. → Byt ut dåliga bilder mot tydligare ansiktsfoton.;0.344;3;;57%;;ok(4);;0.1736;;0.6678;0;;"Mycket få träningsbilder (3 st); Hög andel misslyckade bilder (57%)";
685;Cammille Austin;;Låg men mätbar osäkerhet – ingen akut åtgärd krävs.;0.344;7;;30%;;"high_yaw(2); high_pitch(1)";;0.2660;;0.6473;1;;"Få träningsbilder (7 st); Medelhög varians – möjligen blandade bilder; 1 outlier-embedding(s)";
686;Jenna Lynn;;Bara 3 träningsbild(er). → Samla fler bilder för att förbättra igenkänningen. | 70% av bilderna misslyckades. → Byt ut dåliga bilder mot tydligare ansiktsfoton.;0.344;3;;70%;;"high_yaw(6); high_pitch(1)";;0.1479;;0.6194;0;;"Mycket få träningsbilder (3 st); Hög andel misslyckade bilder (70%)";
687;Susan Weiss;;67% av bilderna misslyckades. → Byt ut dåliga bilder mot tydligare ansiktsfoton.;0.344;8;;67%;;"high_yaw(9); no_faces(4); high_pitch(2)";;0.2379;;0.6599;1;;"Medelhög varians – möjligen blandade bilder; Hög andel misslyckade bilder (67%); 1 outlier-embedding(s)";
688;Carla Cage;Kate Love;Personerna har liknande ansiktsdrag (avstånd 0.651). → Kontrollera att bilderna ligger i rätt mappar. Överväg att lägga till fler distinkta bilder. | Carla Cage har 62% misslyckade bilder – byt ut lågkvalitetsbilder mot bättre.;0.344;6;8;62%;50%;"high_yaw(8); high_pitch(2)";"high_yaw(7); high_pitch(1)";0.1517;0.1525;0.6511;1;0;"Få träningsbilder (6 st); Ömsesidig förväxling med Kate Love (avstånd 0.651); Hög andel misslyckade bilder (62%); 1 outlier-embedding(s)";Ömsesidig förväxling med Carla Cage (avstånd 0.651)
689;Ruby Luxe;;Låg men mätbar osäkerhet – ingen akut åtgärd krävs.;0.344;6;;40%;;high_yaw(4);;0.1967;;0.7117;1;;"Få träningsbilder (6 st); 1 outlier-embedding(s)";
690;Desiree Devine;Slone Ryder;Personerna har liknande ansiktsdrag (avstånd 0.611). → Kontrollera att bilderna ligger i rätt mappar. Överväg att lägga till fler distinkta bilder. | Desiree Devine har 57% misslyckade bilder – byt ut lågkvalitetsbilder mot bättre. | Desiree Devine har bara 3 bilder – samla fler träningsbilder.;0.344;3;30;57%;40%;high_yaw(4);"high_yaw(15); high_pitch(3); no_faces(2)";0.1735;0.2100;0.6114;0;1;"Mycket få träningsbilder (3 st); Ömsesidig förväxling med Slone Ryder (avstånd 0.611); Hög andel misslyckade bilder (57%)";"Medelhög varians – möjligen blandade bilder; Ömsesidig förväxling med Desiree Devine (avstånd 0.611); 1 outlier-embedding(s)"
691;Hottie Tracy;;Bara 3 träningsbild(er). → Samla fler bilder för att förbättra igenkänningen. | 67% av bilderna misslyckades. → Byt ut dåliga bilder mot tydligare ansiktsfoton.;0.344;3;;67%;;"high_yaw(3); low_focus(2); high_pitch(1)";;0.1545;;0.6763;0;;"Mycket få träningsbilder (3 st); Hög andel misslyckade bilder (67%)";
692;Yuzu Kitagawa;;Låg men mätbar osäkerhet – ingen akut åtgärd krävs.;0.344;4;;20%;;ok(1);;0.2811;;0.7102;0;;"Få träningsbilder (4 st); Medelhög varians – möjligen blandade bilder";
693;Maya Mona;Cali Sweets;Personerna har liknande ansiktsdrag (avstånd 0.615). → Kontrollera att bilderna ligger i rätt mappar. Överväg att lägga till fler distinkta bilder. | Maya Mona har 64% misslyckade bilder – byt ut lågkvalitetsbilder mot bättre. | Cali Sweets har 58% misslyckade bilder – byt ut lågkvalitetsbilder mot bättre.;0.344;4;5;64%;58%;"high_pitch(3); low_focus(2); high_yaw(2)";"high_yaw(5); low_focus(2)";0.1936;0.1443;0.6152;0;0;"Få träningsbilder (4 st); Ömsesidig förväxling med Cali Sweets (avstånd 0.615); Hög andel misslyckade bilder (64%)";"Få träningsbilder (5 st); Ömsesidig förväxling med Maya Mona (avstånd 0.615); Hög andel misslyckade bilder (58%)"
694;Sofie Lilith;;Bara 3 träningsbild(er). → Samla fler bilder för att förbättra igenkänningen. | 75% av bilderna misslyckades. → Byt ut dåliga bilder mot tydligare ansiktsfoton.;0.344;3;;75%;;"high_yaw(8); high_pitch(1)";;0.1375;;0.6608;0;;"Mycket få träningsbilder (3 st); Hög andel misslyckade bilder (75%)";
695;Layna Landry;Marlemm;Personerna har liknande ansiktsdrag (avstånd 0.647). → Kontrollera att bilderna ligger i rätt mappar. Överväg att lägga till fler distinkta bilder. | Layna Landry har 65% misslyckade bilder – byt ut lågkvalitetsbilder mot bättre.;0.344;8;82;65%;39%;high_yaw(15);"high_yaw(16); high_pitch(5); low_focus(4)";0.2404;0.1454;0.6465;1;4;"Medelhög varians – möjligen blandade bilder; Ömsesidig förväxling med Marlemm (avstånd 0.647); Hög andel misslyckade bilder (65%); 1 outlier-embedding(s)";"Ömsesidig förväxling med Layna Landry (avstånd 0.647); 4 outlier-embedding(s)"
696;Rina Ryder;;Bara 3 träningsbild(er). → Samla fler bilder för att förbättra igenkänningen. | 67% av bilderna misslyckades. → Byt ut dåliga bilder mot tydligare ansiktsfoton.;0.344;3;;67%;;high_yaw(6);;0.1542;;0.6798;0;;"Mycket få träningsbilder (3 st); Hög andel misslyckade bilder (67%)";
697;Sochee Mala;;Låg men mätbar osäkerhet – ingen akut åtgärd krävs.;0.344;7;;50%;;"high_yaw(6); low_focus(1)";;0.2255;;0.6687;1;;"Få träningsbilder (7 st); Medelhög varians – möjligen blandade bilder; 1 outlier-embedding(s)";
698;Sweet Claudia;Jeannine Oldfield;Personerna har liknande ansiktsdrag (avstånd 0.618). → Kontrollera att bilderna ligger i rätt mappar. Överväg att lägga till fler distinkta bilder. | Sweet Claudia har 57% misslyckade bilder – byt ut lågkvalitetsbilder mot bättre. | Sweet Claudia har bara 3 bilder – samla fler träningsbilder.;0.344;3;7;57%;42%;"high_yaw(3); high_pitch(1)";"high_yaw(3); high_pitch(2)";0.1728;0.2076;0.6183;0;0;"Mycket få träningsbilder (3 st); Ömsesidig förväxling med Jeannine Oldfield (avstånd 0.618); Hög andel misslyckade bilder (57%)";"Få träningsbilder (7 st); Medelhög varians – möjligen blandade bilder; Ömsesidig förväxling med Sweet Claudia (avstånd 0.618)"
699;Christie Lee;;67% av bilderna misslyckades. → Byt ut dåliga bilder mot tydligare ansiktsfoton.;0.344;4;;67%;;"high_yaw(5); low_focus(3)";;0.1870;;0.6687;0;;"Få träningsbilder (4 st); Hög andel misslyckade bilder (67%)";
700;Rachael Madori;Hannah Reese;Hög varians i Rachael Madori tyder på blandade identiteter. → Granska bilderna i mappen och flytta felplacerade bilder till rätt person. | Rachael Madori har 59% misslyckade bilder – byt ut lågkvalitetsbilder mot bättre.;0.344;7;7;59%;36%;"high_yaw(8); low_focus(2)";"high_pitch(2); high_yaw(2)";0.2931;0.1779;0.5926;0;1;"Få träningsbilder (7 st); Medelhög varians – möjligen blandade bilder; Ömsesidig förväxling med Hannah Reese (avstånd 0.593); Hög andel misslyckade bilder (59%)";"Få träningsbilder (7 st); Ömsesidig förväxling med Rachael Madori (avstånd 0.593); 1 outlier-embedding(s)"
701;Veronica Carso;;Låg men mätbar osäkerhet – ingen akut åtgärd krävs.;0.343;5;;50%;;"high_yaw(4); high_pitch(1)";;0.2537;;0.6702;0;;"Få träningsbilder (5 st); Medelhög varians – möjligen blandade bilder";
702;Bon Bon;;Bara 3 träningsbild(er). → Samla fler bilder för att förbättra igenkänningen. | 73% av bilderna misslyckades. → Byt ut dåliga bilder mot tydligare ansiktsfoton.;0.343;3;;73%;;"high_yaw(7); high_pitch(1)";;0.1415;;0.6881;0;;"Mycket få träningsbilder (3 st); Hög andel misslyckade bilder (73%)";
703;Ava Cash;Sofia Rain;Hög varians i Ava Cash tyder på blandade identiteter. → Granska bilderna i mappen och flytta felplacerade bilder till rätt person. | Sofia Rain har 69% misslyckade bilder – byt ut lågkvalitetsbilder mot bättre.;0.343;5;10;50%;69%;high_yaw(5);"high_yaw(17); no_faces(3); multiple_faces(2)";0.2536;0.1514;0.6248;0;0;"Få träningsbilder (5 st); Medelhög varians – möjligen blandade bilder; Ömsesidig förväxling med Sofia Rain (avstånd 0.625)";"Ömsesidig förväxling med Ava Cash (avstånd 0.625); Hög andel misslyckade bilder (69%)"
704;Sisi Rose;;76% av bilderna misslyckades. → Byt ut dåliga bilder mot tydligare ansiktsfoton.;0.343;4;;76%;;"high_yaw(10); high_pitch(3)";;0.1673;;0.6253;0;;"Få träningsbilder (4 st); Hög andel misslyckade bilder (76%)";
705;Brynn Tyler;;Hög varians tyder på att mappen innehåller bilder av flera personer. → Granska och rensa mappen. | 66% av bilderna misslyckades. → Byt ut dåliga bilder mot tydligare ansiktsfoton.;0.343;11;;66%;;"high_yaw(12); high_pitch(7); low_focus(2)";;0.3170;;0.5553;1;;"Hög varians – troligen blandade identiteter i mappen; Hög andel misslyckade bilder (66%); 1 outlier-embedding(s)";
706;Emma Chow;Tathiya Chin;Personerna har liknande ansiktsdrag (avstånd 0.605). → Kontrollera att bilderna ligger i rätt mappar. Överväg att lägga till fler distinkta bilder. | Emma Chow har 73% misslyckade bilder – byt ut lågkvalitetsbilder mot bättre. | Tathiya Chin har 67% misslyckade bilder – byt ut lågkvalitetsbilder mot bättre. | Emma Chow har bara 3 bilder – samla fler träningsbilder.;0.343;3;5;73%;67%;"high_yaw(7); high_pitch(1)";"high_yaw(8); high_pitch(2)";0.1413;0.1569;0.6051;0;0;"Mycket få träningsbilder (3 st); Ömsesidig förväxling med Tathiya Chin (avstånd 0.605); Hög andel misslyckade bilder (73%)";"Få träningsbilder (5 st); Ömsesidig förväxling med Emma Chow (avstånd 0.605); Hög andel misslyckade bilder (67%)"
707;Semmie De Soura;;Bara 3 träningsbild(er). → Samla fler bilder för att förbättra igenkänningen. | 77% av bilderna misslyckades. → Byt ut dåliga bilder mot tydligare ansiktsfoton.;0.343;3;;77%;;ok(10);;0.1329;;0.6987;0;;"Mycket få träningsbilder (3 st); Hög andel misslyckade bilder (77%)";
708;Jessi Summers;;Bara 3 träningsbild(er). → Samla fler bilder för att förbättra igenkänningen. | 70% av bilderna misslyckades. → Byt ut dåliga bilder mot tydligare ansiktsfoton.;0.343;3;;70%;;"high_yaw(3); low_focus(3); high_pitch(1)";;0.1467;;0.6665;0;;"Mycket få träningsbilder (3 st); Hög andel misslyckade bilder (70%)";
709;Eve Rosario;Demi Lowe;Hög varians i Demi Lowe tyder på blandade identiteter. → Granska bilderna i mappen och flytta felplacerade bilder till rätt person. | Demi Lowe har 71% misslyckade bilder – byt ut lågkvalitetsbilder mot bättre. | Eve Rosario har bara 3 bilder – samla fler träningsbilder.;0.343;3;11;40%;71%;"high_yaw(1); low_focus(1)";"high_yaw(23); no_faces(3); low_focus(1)";0.2067;0.2720;0.6373;0;1;"Mycket få träningsbilder (3 st); Medelhög varians – möjligen blandade bilder; Ömsesidig förväxling med Demi Lowe (avstånd 0.637)";"Medelhög varians – möjligen blandade bilder; Ömsesidig förväxling med Eve Rosario (avstånd 0.637); Hög andel misslyckade bilder (71%); 1 outlier-embedding(s)"
710;Shiori Ayase;;Hög varians tyder på att mappen innehåller bilder av flera personer. → Granska och rensa mappen. | 82% av bilderna misslyckades. → Byt ut dåliga bilder mot tydligare ansiktsfoton.;0.343;9;;82%;;"high_yaw(15); no_faces(14); low_focus(12)";;0.3226;;0.6292;0;;"Hög varians – troligen blandade identiteter i mappen; Hög andel misslyckade bilder (82%)";
711;Gemma Lou;;57% av bilderna misslyckades. → Byt ut dåliga bilder mot tydligare ansiktsfoton.;0.343;6;;57%;;high_yaw(8);;0.1612;;0.6311;1;;"Få träningsbilder (6 st); Hög andel misslyckade bilder (57%); 1 outlier-embedding(s)";
712;Ashley Zeitler;Hannah Martin;Hög varians i Ashley Zeitler tyder på blandade identiteter. → Granska bilderna i mappen och flytta felplacerade bilder till rätt person. | Hannah Martin har 72% misslyckade bilder – byt ut lågkvalitetsbilder mot bättre.;0.343;12;11;37%;72%;high_yaw(7);"high_yaw(18); high_pitch(8); no_faces(2)";0.3437;0.1637;0.5553;2;0;"Hög varians – troligen blandade identiteter i mappen; Ömsesidig förväxling med Hannah Martin (avstånd 0.555); 2 outlier-embedding(s)";"Ömsesidig förväxling med Ashley Zeitler (avstånd 0.555); Hög andel misslyckade bilder (72%)"
713;Cherry Black;;Låg men mätbar osäkerhet – ingen akut åtgärd krävs.;0.343;6;;25%;;high_yaw(2);;0.2254;;0.6741;1;;"Få träningsbilder (6 st); Medelhög varians – möjligen blandade bilder; 1 outlier-embedding(s)";
714;Sonia Roxxx;;71% av bilderna misslyckades. → Byt ut dåliga bilder mot tydligare ansiktsfoton.;0.343;7;;71%;;"high_yaw(11); no_faces(5); low_focus(1)";;0.2782;;0.6108;0;;"Få träningsbilder (7 st); Medelhög varians – möjligen blandade bilder; Hög andel misslyckade bilder (71%)";
715;Amanda Vamp;Tanja Teen;Personerna har liknande ansiktsdrag (avstånd 0.637). → Kontrollera att bilderna ligger i rätt mappar. Överväg att lägga till fler distinkta bilder. | Tanja Teen har 62% misslyckade bilder – byt ut lågkvalitetsbilder mot bättre.;0.343;6;19;50%;62%;"high_yaw(3); high_pitch(2); low_focus(1)";"no_faces(13); high_yaw(10); high_pitch(4)";0.1754;0.2249;0.6372;1;1;"Få träningsbilder (6 st); Ömsesidig förväxling med Tanja Teen (avstånd 0.637); 1 outlier-embedding(s)";"Medelhög varians – möjligen blandade bilder; Ömsesidig förväxling med Amanda Vamp (avstånd 0.637); Hög andel misslyckade bilder (62%); 1 outlier-embedding(s)"
716;Naomi Taylor;;78% av bilderna misslyckades. → Byt ut dåliga bilder mot tydligare ansiktsfoton.;0.343;8;;78%;;"high_yaw(19); low_focus(7); no_faces(2)";;0.2142;;0.6513;1;;"Medelhög varians – möjligen blandade bilder; Hög andel misslyckade bilder (78%); 1 outlier-embedding(s)";
717;Colby McAdams;;Bara 3 träningsbild(er). → Samla fler bilder för att förbättra igenkänningen. | 62% av bilderna misslyckades. → Byt ut dåliga bilder mot tydligare ansiktsfoton.;0.343;3;;62%;;"high_yaw(4); high_pitch(1)";;0.1614;;0.6393;0;;"Mycket få träningsbilder (3 st); Hög andel misslyckade bilder (62%)";
718;Cecilia Vega;;55% av bilderna misslyckades. → Byt ut dåliga bilder mot tydligare ansiktsfoton.;0.343;5;;55%;;"high_yaw(4); high_pitch(1); low_focus(1)";;0.2438;;0.6581;0;;"Få träningsbilder (5 st); Medelhög varians – möjligen blandade bilder; Hög andel misslyckade bilder (55%)";
719;Alyiah Stone;;Låg men mätbar osäkerhet – ingen akut åtgärd krävs.;0.343;5;;50%;;"high_yaw(4); high_pitch(1)";;0.2529;;0.6443;0;;"Få träningsbilder (5 st); Medelhög varians – möjligen blandade bilder";
720;Amanda Morano;;88% av bilderna misslyckades. → Byt ut dåliga bilder mot tydligare ansiktsfoton.;0.343;6;;88%;;"high_yaw(27); no_faces(10); low_focus(5)";;0.1001;;0.6641;1;;"Få träningsbilder (6 st); Hög andel misslyckade bilder (88%); 1 outlier-embedding(s)";
721;Gleicy Santos;;Bara 3 träningsbild(er). → Samla fler bilder för att förbättra igenkänningen. | 57% av bilderna misslyckades. → Byt ut dåliga bilder mot tydligare ansiktsfoton.;0.343;3;;57%;;high_pitch(4);;0.1718;;0.6495;0;;"Mycket få träningsbilder (3 st); Hög andel misslyckade bilder (57%)";
722;Hanaka Aoyama;;Låg men mätbar osäkerhet – ingen akut åtgärd krävs.;0.343;8;;47%;;"high_yaw(3); low_focus(2); high_pitch(2)";;0.2761;;0.6033;1;;"Medelhög varians – möjligen blandade bilder; 1 outlier-embedding(s)";
723;Sakamoto Hikari;;Bara 3 träningsbild(er). → Samla fler bilder för att förbättra igenkänningen. | 77% av bilderna misslyckades. → Byt ut dåliga bilder mot tydligare ansiktsfoton.;0.343;3;;77%;;"high_yaw(8); low_focus(2)";;0.1322;;0.6015;0;;"Mycket få träningsbilder (3 st); Hög andel misslyckade bilder (77%)";
724;Coco De Mal;;81% av bilderna misslyckades. → Byt ut dåliga bilder mot tydligare ansiktsfoton.;0.343;4;;81%;;"high_yaw(8); low_focus(5); no_faces(4)";;0.1575;;0.6845;0;;"Få träningsbilder (4 st); Hög andel misslyckade bilder (81%)";
725;Mallory Madison;Darien Ross;Hög varians i Darien Ross tyder på blandade identiteter. → Granska bilderna i mappen och flytta felplacerade bilder till rätt person. | Mallory Madison har 58% misslyckade bilder – byt ut lågkvalitetsbilder mot bättre. | Darien Ross har 68% misslyckade bilder – byt ut lågkvalitetsbilder mot bättre.;0.343;5;27;58%;68%;high_pitch(7);"high_yaw(32); no_faces(15); high_pitch(5)";0.2360;0.4499;0.6648;0;1;"Få träningsbilder (5 st); Medelhög varians – möjligen blandade bilder; Ömsesidig förväxling med Darien Ross (avstånd 0.665); Hög andel misslyckade bilder (58%)";"Hög varians – troligen blandade identiteter i mappen; Ömsesidig förväxling med Mallory Madison (avstånd 0.665); Hög andel misslyckade bilder (68%); 1 outlier-embedding(s)"
726;Hanna Lee;;Låg men mätbar osäkerhet – ingen akut åtgärd krävs.;0.343;4;;43%;;"high_pitch(2); high_yaw(1)";;0.2335;;0.6902;0;;"Få träningsbilder (4 st); Medelhög varians – möjligen blandade bilder";
727;Alysson Sterling;;67% av bilderna misslyckades. → Byt ut dåliga bilder mot tydligare ansiktsfoton.;0.343;7;;67%;;"high_yaw(9); high_pitch(2); low_focus(2)";;0.1906;;0.6816;1;;"Få träningsbilder (7 st); Hög andel misslyckade bilder (67%); 1 outlier-embedding(s)";
728;Naomi Foxxx;Hypnotiq;Personerna har liknande ansiktsdrag (avstånd 0.592). → Kontrollera att bilderna ligger i rätt mappar. Överväg att lägga till fler distinkta bilder. | Naomi Foxxx har 57% misslyckade bilder – byt ut lågkvalitetsbilder mot bättre. | Hypnotiq har 70% misslyckade bilder – byt ut lågkvalitetsbilder mot bättre. | Naomi Foxxx har bara 3 bilder – samla fler träningsbilder.;0.343;3;14;57%;70%;ok(4);"high_yaw(29); high_pitch(2); no_faces(1)";0.1613;0.1535;0.5921;0;0;"Mycket få träningsbilder (3 st); Ömsesidig förväxling med Hypnotiq (avstånd 0.592); Hög andel misslyckade bilder (57%)";"Ömsesidig förväxling med Naomi Foxxx (avstånd 0.592); Hög andel misslyckade bilder (70%)"
729;Teen Kasia;Jessica Lux;Personerna har liknande ansiktsdrag (avstånd 0.637). → Kontrollera att bilderna ligger i rätt mappar. Överväg att lägga till fler distinkta bilder. | Teen Kasia har 67% misslyckade bilder – byt ut lågkvalitetsbilder mot bättre. | Jessica Lux har 55% misslyckade bilder – byt ut lågkvalitetsbilder mot bättre.;0.343;5;21;67%;55%;"high_yaw(8); high_pitch(2)";"high_yaw(20); high_pitch(5); no_faces(1)";0.2191;0.2387;0.6367;0;1;"Få träningsbilder (5 st); Medelhög varians – möjligen blandade bilder; Ömsesidig förväxling med Jessica Lux (avstånd 0.637); Hög andel misslyckade bilder (67%)";"Medelhög varians – möjligen blandade bilder; Ömsesidig förväxling med Teen Kasia (avstånd 0.637); Hög andel misslyckade bilder (55%); 1 outlier-embedding(s)"
730;Lisi Kitty;Chloe Madison;Personerna har liknande ansiktsdrag (avstånd 0.563). → Kontrollera att bilderna ligger i rätt mappar. Överväg att lägga till fler distinkta bilder. | Lisi Kitty har 86% misslyckade bilder – byt ut lågkvalitetsbilder mot bättre. | Chloe Madison har 56% misslyckade bilder – byt ut lågkvalitetsbilder mot bättre. | Lisi Kitty har bara 1 bilder – samla fler träningsbilder.;0.343;1;24;86%;56%;"high_yaw(5); high_pitch(1)";"high_yaw(17); high_pitch(7); no_faces(5)";0.0000;0.1898;0.5634;0;2;"Mycket få träningsbilder (1 st); Ömsesidig förväxling med Chloe Madison (avstånd 0.563); Hög andel misslyckade bilder (86%)";"Ömsesidig förväxling med Lisi Kitty (avstånd 0.563); Hög andel misslyckade bilder (56%); 2 outlier-embedding(s)"
731;Winnie Rider;;Bara 2 träningsbild(er). → Samla fler bilder för att förbättra igenkänningen. | 60% av bilderna misslyckades. → Byt ut dåliga bilder mot tydligare ansiktsfoton.;0.343;2;;60%;;high_yaw(3);;0.1324;;0.7171;0;;"Mycket få träningsbilder (2 st); Hög andel misslyckade bilder (60%)";
732;Carmel Anderson;;Bara 3 träningsbild(er). → Samla fler bilder för att förbättra igenkänningen. | 62% av bilderna misslyckades. → Byt ut dåliga bilder mot tydligare ansiktsfoton.;0.343;3;;62%;;"high_yaw(4); high_pitch(1)";;0.1607;;0.6993;0;;"Mycket få träningsbilder (3 st); Hög andel misslyckade bilder (62%)";
733;Dani Dupree;;Bara 3 träningsbild(er). → Samla fler bilder för att förbättra igenkänningen. | 62% av bilderna misslyckades. → Byt ut dåliga bilder mot tydligare ansiktsfoton.;0.343;3;;62%;;"high_yaw(4); high_pitch(1)";;0.1606;;0.6555;0;;"Mycket få träningsbilder (3 st); Hög andel misslyckade bilder (62%)";
734;Cameron Cain;Triniti Banxx;Personerna har liknande ansiktsdrag (avstånd 0.633). → Kontrollera att bilderna ligger i rätt mappar. Överväg att lägga till fler distinkta bilder. | Cameron Cain har 62% misslyckade bilder – byt ut lågkvalitetsbilder mot bättre. | Cameron Cain har bara 3 bilder – samla fler träningsbilder.;0.343;3;26;62%;49%;high_yaw(5);"high_yaw(10); low_focus(8); high_pitch(4)";0.1606;0.1406;0.6334;0;1;"Mycket få träningsbilder (3 st); Ömsesidig förväxling med Triniti Banxx (avstånd 0.633); Hög andel misslyckade bilder (62%)";"Ömsesidig förväxling med Cameron Cain (avstånd 0.633); 1 outlier-embedding(s)"
735;Rui Yazawa;;54% av bilderna misslyckades. → Byt ut dåliga bilder mot tydligare ansiktsfoton.;0.343;6;;54%;;"low_focus(3); high_yaw(2); high_pitch(2)";;0.1667;;0.6014;1;;"Få träningsbilder (6 st); Hög andel misslyckade bilder (54%); 1 outlier-embedding(s)";
736;Christy Canyon;;75% av bilderna misslyckades. → Byt ut dåliga bilder mot tydligare ansiktsfoton.;0.343;5;;75%;;"high_yaw(9); no_faces(4); low_focus(2)";;0.2021;;0.7031;0;;"Få träningsbilder (5 st); Medelhög varians – möjligen blandade bilder; Hög andel misslyckade bilder (75%)";
737;Sofia Suarez;;80% av bilderna misslyckades. → Byt ut dåliga bilder mot tydligare ansiktsfoton.;0.343;10;;80%;;"high_yaw(22); no_faces(9); high_pitch(7)";;0.2921;;0.6625;1;;"Medelhög varians – möjligen blandade bilder; Hög andel misslyckade bilder (80%); 1 outlier-embedding(s)";
738;Reina Nishio;Seira Rando;Personerna har liknande ansiktsdrag (avstånd 0.507). → Kontrollera att bilderna ligger i rätt mappar. Överväg att lägga till fler distinkta bilder. | Reina Nishio har 84% misslyckade bilder – byt ut lågkvalitetsbilder mot bättre. | Seira Rando har 89% misslyckade bilder – byt ut lågkvalitetsbilder mot bättre.;0.343;8;6;84%;89%;"high_yaw(14); low_focus(14); no_faces(13)";"no_faces(12); high_yaw(9); low_focus(3)";0.1636;0.0000;0.5074;0;0;"Ömsesidig förväxling med Seira Rando (avstånd 0.507); Hög andel misslyckade bilder (84%)";"Få träningsbilder (6 st); Ömsesidig förväxling med Reina Nishio (avstånd 0.507); Hög andel misslyckade bilder (89%)"
739;Francessca Demarco;;Låg men mätbar osäkerhet – ingen akut åtgärd krävs.;0.343;7;;22%;;"high_yaw(1); high_pitch(1)";;0.2790;;0.6172;1;;"Få träningsbilder (7 st); Medelhög varians – möjligen blandade bilder; 1 outlier-embedding(s)";
740;Lily Phillips;;59% av bilderna misslyckades. → Byt ut dåliga bilder mot tydligare ansiktsfoton.;0.343;7;;59%;;"high_yaw(9); high_pitch(1)";;0.2058;;0.6295;1;;"Få träningsbilder (7 st); Medelhög varians – möjligen blandade bilder; Hög andel misslyckade bilder (59%); 1 outlier-embedding(s)";
741;Gale Olson;;Bara 2 träningsbild(er). → Samla fler bilder för att förbättra igenkänningen. | 67% av bilderna misslyckades. → Byt ut dåliga bilder mot tydligare ansiktsfoton.;0.343;2;;67%;;"high_yaw(3); high_pitch(1)";;0.1186;;0.6823;0;;"Mycket få träningsbilder (2 st); Hög andel misslyckade bilder (67%)";
742;Juliette Black;;84% av bilderna misslyckades. → Byt ut dåliga bilder mot tydligare ansiktsfoton.;0.343;5;;84%;;"high_yaw(14); low_focus(9); no_faces(3)";;0.1842;;0.6764;0;;"Få träningsbilder (5 st); Hög andel misslyckade bilder (84%)";
743;Zoey Cortes;;69% av bilderna misslyckades. → Byt ut dåliga bilder mot tydligare ansiktsfoton.;0.343;4;;69%;;"high_yaw(5); low_focus(3); high_pitch(1)";;0.1801;;0.6653;0;;"Få träningsbilder (4 st); Hög andel misslyckade bilder (69%)";
744;Amanda Cruz;;Låg men mätbar osäkerhet – ingen akut åtgärd krävs.;0.343;7;;30%;;"high_yaw(2); high_pitch(1)";;0.2634;;0.6227;1;;"Få träningsbilder (7 st); Medelhög varians – möjligen blandade bilder; 1 outlier-embedding(s)";
745;Helen Louise;;Bara 3 träningsbild(er). → Samla fler bilder för att förbättra igenkänningen. | 80% av bilderna misslyckades. → Byt ut dåliga bilder mot tydligare ansiktsfoton.;0.343;3;;80%;;"high_yaw(7); low_focus(3); high_pitch(2)";;0.1253;;0.6631;0;;"Mycket få träningsbilder (3 st); Hög andel misslyckade bilder (80%)";
746;Serena Sterling;Brandy Bates;Personerna har liknande ansiktsdrag (avstånd 0.667). → Kontrollera att bilderna ligger i rätt mappar. Överväg att lägga till fler distinkta bilder. | Brandy Bates har 59% misslyckade bilder – byt ut lågkvalitetsbilder mot bättre. | Serena Sterling har bara 3 bilder – samla fler träningsbilder.;0.343;3;24;40%;59%;high_pitch(2);"no_faces(11); high_yaw(10); low_focus(9)";0.2052;0.1307;0.6673;0;1;"Mycket få träningsbilder (3 st); Medelhög varians – möjligen blandade bilder; Ömsesidig förväxling med Brandy Bates (avstånd 0.667)";"Ömsesidig förväxling med Serena Sterling (avstånd 0.667); Hög andel misslyckade bilder (59%); 1 outlier-embedding(s)"
747;Jenny Simons;Bex White;Personerna har liknande ansiktsdrag (avstånd 0.597). → Kontrollera att bilderna ligger i rätt mappar. Överväg att lägga till fler distinkta bilder. | Jenny Simons har 75% misslyckade bilder – byt ut lågkvalitetsbilder mot bättre. | Bex White har 54% misslyckade bilder – byt ut lågkvalitetsbilder mot bättre. | Jenny Simons har bara 3 bilder – samla fler träningsbilder.;0.343;3;12;75%;54%;ok(9);"high_yaw(12); high_pitch(2)";0.1309;0.1740;0.5967;0;0;"Mycket få träningsbilder (3 st); Ömsesidig förväxling med Bex White (avstånd 0.597); Hög andel misslyckade bilder (75%)";"Ömsesidig förväxling med Jenny Simons (avstånd 0.597); Hög andel misslyckade bilder (54%)"
748;Hadley Haze;;60% av bilderna misslyckades. → Byt ut dåliga bilder mot tydligare ansiktsfoton.;0.342;4;;60%;;"high_yaw(3); high_pitch(2); low_focus(1)";;0.1983;;0.6649;0;;"Få träningsbilder (4 st); Hög andel misslyckade bilder (60%)";
749;Hailey Comet;Elizabeth Jean;Personerna har liknande ansiktsdrag (avstånd 0.606). → Kontrollera att bilderna ligger i rätt mappar. Överväg att lägga till fler distinkta bilder. | Hailey Comet har 64% misslyckade bilder – byt ut lågkvalitetsbilder mot bättre. | Elizabeth Jean har 75% misslyckade bilder – byt ut lågkvalitetsbilder mot bättre. | Elizabeth Jean har bara 2 bilder – samla fler träningsbilder.;0.342;4;2;64%;75%;high_yaw(7);"high_yaw(4); high_pitch(2)";0.1910;0.0692;0.6060;0;0;"Få träningsbilder (4 st); Ömsesidig förväxling med Elizabeth Jean (avstånd 0.606); Hög andel misslyckade bilder (64%)";"Mycket få träningsbilder (2 st); Ömsesidig förväxling med Hailey Comet (avstånd 0.606); Hög andel misslyckade bilder (75%)"
750;Satsuki Aoyama;Takami Hou;Personerna har liknande ansiktsdrag (avstånd 0.561). → Kontrollera att bilderna ligger i rätt mappar. Överväg att lägga till fler distinkta bilder. | Satsuki Aoyama har 82% misslyckade bilder – byt ut lågkvalitetsbilder mot bättre.;0.342;5;4;82%;33%;"low_focus(9); high_yaw(9); no_faces(5)";high_yaw(2);0.1360;0.1213;0.5605;0;0;"Få träningsbilder (5 st); Ömsesidig förväxling med Takami Hou (avstånd 0.561); Hög andel misslyckade bilder (82%)";"Få träningsbilder (4 st); Ömsesidig förväxling med Satsuki Aoyama (avstånd 0.561)"
751;Izi Ashley;Dani Love;Personerna har liknande ansiktsdrag (avstånd 0.639). → Kontrollera att bilderna ligger i rätt mappar. Överväg att lägga till fler distinkta bilder. | Izi Ashley har 91% misslyckade bilder – byt ut lågkvalitetsbilder mot bättre. | Dani Love har 74% misslyckade bilder – byt ut lågkvalitetsbilder mot bättre.;0.342;5;11;91%;74%;"no_faces(18); high_yaw(18); low_focus(11)";"high_yaw(14); no_faces(10); low_focus(4)";0.1704;0.1424;0.6387;0;1;"Få träningsbilder (5 st); Ömsesidig förväxling med Dani Love (avstånd 0.639); Hög andel misslyckade bilder (91%)";"Ömsesidig förväxling med Izi Ashley (avstånd 0.639); Hög andel misslyckade bilder (74%); 1 outlier-embedding(s)"
752;Traci Lynn;;Bara 2 träningsbild(er). → Samla fler bilder för att förbättra igenkänningen. | 71% av bilderna misslyckades. → Byt ut dåliga bilder mot tydligare ansiktsfoton.;0.342;2;;71%;;"high_yaw(3); high_pitch(2)";;0.1086;;0.6068;0;;"Mycket få träningsbilder (2 st); Hög andel misslyckade bilder (71%)";
753;Lara Jones;;Bara 3 träningsbild(er). → Samla fler bilder för att förbättra igenkänningen.;0.342;3;;50%;;ok(3);;0.1848;;0.6879;0;;Mycket få träningsbilder (3 st);
754;Laura Christie;;Bara 2 träningsbild(er). → Samla fler bilder för att förbättra igenkänningen. | 82% av bilderna misslyckades. → Byt ut dåliga bilder mot tydligare ansiktsfoton.;0.342;2;;82%;;"high_yaw(7); high_pitch(2)";;0.0878;;0.6633;0;;"Mycket få träningsbilder (2 st); Hög andel misslyckade bilder (82%)";
755;Jodie James;Gymnast Alina;Personerna har liknande ansiktsdrag (avstånd 0.609). → Kontrollera att bilderna ligger i rätt mappar. Överväg att lägga till fler distinkta bilder. | Jodie James har 78% misslyckade bilder – byt ut lågkvalitetsbilder mot bättre. | Gymnast Alina har 62% misslyckade bilder – byt ut lågkvalitetsbilder mot bättre. | Jodie James har bara 2 bilder – samla fler träningsbilder. | Gymnast Alina har bara 3 bilder – samla fler träningsbilder.;0.342;2;3;78%;62%;ok(7);"high_yaw(4); high_pitch(1)";0.0959;0.1279;0.6090;0;0;"Mycket få träningsbilder (2 st); Ömsesidig förväxling med Gymnast Alina (avstånd 0.609); Hög andel misslyckade bilder (78%)";"Mycket få träningsbilder (3 st); Ömsesidig förväxling med Jodie James (avstånd 0.609); Hög andel misslyckade bilder (62%)"
756;Kelsey Kage;;Bara 3 träningsbild(er). → Samla fler bilder för att förbättra igenkänningen.;0.342;3;;50%;;"high_yaw(2); high_pitch(1)";;0.1848;;0.6732;0;;Mycket få träningsbilder (3 st);
757;Teressa Bizarre;;Hög varians tyder på att mappen innehåller bilder av flera personer. → Granska och rensa mappen. | 78% av bilderna misslyckades. → Byt ut dåliga bilder mot tydligare ansiktsfoton.;0.342;11;;78%;;"high_yaw(19); no_faces(18); low_focus(2)";;0.3348;;0.6717;1;;"Hög varians – troligen blandade identiteter i mappen; Hög andel misslyckade bilder (78%); 1 outlier-embedding(s)";
758;Janine Habeck;;Bara 3 träningsbild(er). → Samla fler bilder för att förbättra igenkänningen. | 70% av bilderna misslyckades. → Byt ut dåliga bilder mot tydligare ansiktsfoton.;0.342;3;;70%;;"high_pitch(5); high_yaw(2)";;0.1448;;0.6600;0;;"Mycket få träningsbilder (3 st); Hög andel misslyckade bilder (70%)";
759;Becca Lee;;Bara 2 träningsbild(er). → Samla fler bilder för att förbättra igenkänningen. | 71% av bilderna misslyckades. → Byt ut dåliga bilder mot tydligare ansiktsfoton.;0.342;2;;71%;;ok(5);;0.1085;;0.6651;0;;"Mycket få träningsbilder (2 st); Hög andel misslyckade bilder (71%)";
760;Saisha McKenzie;Amari Anne;Personerna har liknande ansiktsdrag (avstånd 0.686). → Kontrollera att bilderna ligger i rätt mappar. Överväg att lägga till fler distinkta bilder. | Saisha McKenzie har 83% misslyckade bilder – byt ut lågkvalitetsbilder mot bättre. | Amari Anne har 81% misslyckade bilder – byt ut lågkvalitetsbilder mot bättre. | Saisha McKenzie har bara 2 bilder – samla fler träningsbilder.;0.342;2;6;83%;81%;"high_yaw(8); high_pitch(2)";"high_yaw(17); no_faces(6); low_focus(1)";0.0847;0.1877;0.6860;0;0;"Mycket få träningsbilder (2 st); Ömsesidig förväxling med Amari Anne (avstånd 0.686); Hög andel misslyckade bilder (83%)";"Få träningsbilder (6 st); Ömsesidig förväxling med Saisha McKenzie (avstånd 0.686); Hög andel misslyckade bilder (81%)"
761;Sofia Santana;;Låg men mätbar osäkerhet – ingen akut åtgärd krävs.;0.342;4;;50%;;"high_yaw(3); low_focus(1)";;0.2180;;0.6756;0;;"Få träningsbilder (4 st); Medelhög varians – möjligen blandade bilder";
762;Emi Sasaki;;88% av bilderna misslyckades. → Byt ut dåliga bilder mot tydligare ansiktsfoton.;0.342;6;;88%;;"high_yaw(19); low_focus(15); no_faces(10)";;0.2087;;0.6084;0;;"Få träningsbilder (6 st); Medelhög varians – möjligen blandade bilder; Hög andel misslyckade bilder (88%)";
763;Kitti Karella;Bonita Butterfly;Personerna har liknande ansiktsdrag (avstånd 0.580). → Kontrollera att bilderna ligger i rätt mappar. Överväg att lägga till fler distinkta bilder. | Kitti Karella har 56% misslyckade bilder – byt ut lågkvalitetsbilder mot bättre. | Bonita Butterfly har 64% misslyckade bilder – byt ut lågkvalitetsbilder mot bättre.;0.342;7;17;56%;64%;ok(9);"high_yaw(22); high_pitch(4); low_focus(2)";0.1848;0.2211;0.5805;1;0;"Få träningsbilder (7 st); Ömsesidig förväxling med Bonita Butterfly (avstånd 0.580); Hög andel misslyckade bilder (56%); 1 outlier-embedding(s)";"Medelhög varians – möjligen blandade bilder; Ömsesidig förväxling med Kitti Karella (avstånd 0.580); Hög andel misslyckade bilder (64%)"
764;Josie Ray;Sissy Neri;Personerna har liknande ansiktsdrag (avstånd 0.680). → Kontrollera att bilderna ligger i rätt mappar. Överväg att lägga till fler distinkta bilder. | Josie Ray har 82% misslyckade bilder – byt ut lågkvalitetsbilder mot bättre. | Josie Ray har bara 2 bilder – samla fler träningsbilder.;0.342;2;16;82%;50%;"high_yaw(8); high_pitch(1)";"high_yaw(9); no_faces(6); low_focus(1)";0.0875;0.1986;0.6804;0;1;"Mycket få träningsbilder (2 st); Ömsesidig förväxling med Sissy Neri (avstånd 0.680); Hög andel misslyckade bilder (82%)";"Ömsesidig förväxling med Josie Ray (avstånd 0.680); 1 outlier-embedding(s)"
765;Saki Koto;;Bara 1 träningsbild(er). → Samla fler bilder för att förbättra igenkänningen. | 96% av bilderna misslyckades. → Byt ut dåliga bilder mot tydligare ansiktsfoton.;0.342;1;;96%;;"no_faces(16); high_yaw(9); high_pitch(2)";;0.0000;;0.5751;0;;"Mycket få träningsbilder (1 st); Hög andel misslyckade bilder (96%)";
766;Jade Katy;;Låg men mätbar osäkerhet – ingen akut åtgärd krävs.;0.342;5;;44%;;ok(4);;0.2622;;0.6669;0;;"Få träningsbilder (5 st); Medelhög varians – möjligen blandade bilder";
767;Tristessa Bush;;Låg men mätbar osäkerhet – ingen akut åtgärd krävs.;0.342;6;;45%;;"low_focus(2); high_yaw(2); high_pitch(1)";;0.1824;;0.7335;1;;"Få träningsbilder (6 st); 1 outlier-embedding(s)";
768;Jayden Williams;;67% av bilderna misslyckades. → Byt ut dåliga bilder mot tydligare ansiktsfoton.;0.342;4;;67%;;high_yaw(8);;0.1844;;0.6633;0;;"Få träningsbilder (4 st); Hög andel misslyckade bilder (67%)";
769;Ebony Mystique;;73% av bilderna misslyckades. → Byt ut dåliga bilder mot tydligare ansiktsfoton.;0.342;6;;73%;;high_yaw(16);;0.2390;;0.6362;0;;"Få träningsbilder (6 st); Medelhög varians – möjligen blandade bilder; Hög andel misslyckade bilder (73%)";
770;Julia Channel;;Bara 2 träningsbild(er). → Samla fler bilder för att förbättra igenkänningen. | 60% av bilderna misslyckades. → Byt ut dåliga bilder mot tydligare ansiktsfoton.;0.342;2;;60%;;ok(3);;0.1311;;0.6855;0;;"Mycket få träningsbilder (2 st); Hög andel misslyckade bilder (60%)";
771;Victoria Blossom;;62% av bilderna misslyckades. → Byt ut dåliga bilder mot tydligare ansiktsfoton.;0.342;5;;62%;;"high_yaw(5); high_pitch(3)";;0.2280;;0.7273;0;;"Få träningsbilder (5 st); Medelhög varians – möjligen blandade bilder; Hög andel misslyckade bilder (62%)";
772;Agatha Night;;Låg men mätbar osäkerhet – ingen akut åtgärd krävs.;0.342;4;;43%;;ok(3);;0.2320;;0.6440;0;;"Få träningsbilder (4 st); Medelhög varians – möjligen blandade bilder";
773;Hitomi Hayasaka;Saki Ninomiya;Hög varians i Hitomi Hayasaka och Saki Ninomiya tyder på blandade identiteter. → Granska bilderna i dessa mappar och flytta felplacerade bilder till rätt person. | Hitomi Hayasaka har 80% misslyckade bilder – byt ut lågkvalitetsbilder mot bättre. | Saki Ninomiya har 63% misslyckade bilder – byt ut lågkvalitetsbilder mot bättre.;0.342;12;65;80%;63%;"high_yaw(28); low_focus(14); no_faces(7)";"high_yaw(63); no_faces(24); low_focus(19)";0.2573;0.3237;0.4720;0;1;"Medelhög varians – möjligen blandade bilder; Ömsesidig förväxling med Saki Ninomiya (avstånd 0.472); Hög andel misslyckade bilder (80%)";"Hög varians – troligen blandade identiteter i mappen; Ömsesidig förväxling med Hitomi Hayasaka (avstånd 0.472); Hög andel misslyckade bilder (63%); 1 outlier-embedding(s)"
774;Victoria Brown;;Hög varians tyder på att mappen innehåller bilder av flera personer. → Granska och rensa mappen.;0.342;6;;25%;;high_yaw(2);;0.3343;;0.6584;0;;"Få träningsbilder (6 st); Hög varians – troligen blandade identiteter i mappen";
775;Emily Evermoore;;62% av bilderna misslyckades. → Byt ut dåliga bilder mot tydligare ansiktsfoton.;0.342;5;;62%;;"high_yaw(5); high_pitch(2); low_focus(1)";;0.2279;;0.6726;0;;"Få träningsbilder (5 st); Medelhög varians – möjligen blandade bilder; Hög andel misslyckade bilder (62%)";
776;Ada Vera;Asia Rae;Personerna har liknande ansiktsdrag (avstånd 0.559). → Kontrollera att bilderna ligger i rätt mappar. Överväg att lägga till fler distinkta bilder. | Ada Vera har 82% misslyckade bilder – byt ut lågkvalitetsbilder mot bättre. | Asia Rae har 61% misslyckade bilder – byt ut lågkvalitetsbilder mot bättre.;0.342;8;27;82%;61%;"high_yaw(23); low_focus(8); no_faces(3)";"high_yaw(39); high_pitch(2); multiple_faces(1)";0.2338;0.2386;0.5588;0;2;"Medelhög varians – möjligen blandade bilder; Ömsesidig förväxling med Asia Rae (avstånd 0.559); Hög andel misslyckade bilder (82%)";"Medelhög varians – möjligen blandade bilder; Ömsesidig förväxling med Ada Vera (avstånd 0.559); Hög andel misslyckade bilder (61%); 2 outlier-embedding(s)"
777;Evelyn Garcia;;60% av bilderna misslyckades. → Byt ut dåliga bilder mot tydligare ansiktsfoton.;0.342;4;;60%;;ok(6);;0.1976;;0.6800;0;;"Få träningsbilder (4 st); Hög andel misslyckade bilder (60%)";
778;Dominic Anna;Camilla Lima;Personerna har liknande ansiktsdrag (avstånd 0.624). → Kontrollera att bilderna ligger i rätt mappar. Överväg att lägga till fler distinkta bilder. | Dominic Anna har 74% misslyckade bilder – byt ut lågkvalitetsbilder mot bättre.;0.342;5;6;74%;50%;"high_yaw(12); high_pitch(1); low_focus(1)";"high_pitch(4); high_yaw(2)";0.2035;0.0962;0.6235;0;0;"Få träningsbilder (5 st); Medelhög varians – möjligen blandade bilder; Ömsesidig förväxling med Camilla Lima (avstånd 0.624); Hög andel misslyckade bilder (74%)";"Få träningsbilder (6 st); Ömsesidig förväxling med Dominic Anna (avstånd 0.624)"
779;Ashton Gray;;55% av bilderna misslyckades. → Byt ut dåliga bilder mot tydligare ansiktsfoton.;0.342;5;;55%;;"high_yaw(4); low_focus(2)";;0.2418;;0.6541;0;;"Få träningsbilder (5 st); Medelhög varians – möjligen blandade bilder; Hög andel misslyckade bilder (55%)";
780;Alice Kiss;Anna Belova;Hög varians i Alice Kiss tyder på blandade identiteter. → Granska bilderna i mappen och flytta felplacerade bilder till rätt person. | Alice Kiss har 57% misslyckade bilder – byt ut lågkvalitetsbilder mot bättre.;0.342;9;16;57%;50%;"high_yaw(9); high_pitch(2); low_focus(1)";"high_yaw(11); low_focus(3); high_pitch(2)";0.2874;0.2341;0.5936;1;1;"Medelhög varians – möjligen blandade bilder; Ömsesidig förväxling med Anna Belova (avstånd 0.594); Hög andel misslyckade bilder (57%); 1 outlier-embedding(s)";"Medelhög varians – möjligen blandade bilder; Ömsesidig förväxling med Alice Kiss (avstånd 0.594); 1 outlier-embedding(s)"
781;Cynthia Thomas;;Låg men mätbar osäkerhet – ingen akut åtgärd krävs.;0.342;4;;50%;;"high_pitch(3); high_yaw(1)";;0.2175;;0.6719;0;;"Få träningsbilder (4 st); Medelhög varians – möjligen blandade bilder";
782;Audrey Aguilera;Saskia Squirts;Personerna har liknande ansiktsdrag (avstånd 0.648). → Kontrollera att bilderna ligger i rätt mappar. Överväg att lägga till fler distinkta bilder. | Audrey Aguilera har 67% misslyckade bilder – byt ut lågkvalitetsbilder mot bättre. | Saskia Squirts har 55% misslyckade bilder – byt ut lågkvalitetsbilder mot bättre.;0.342;4;5;67%;55%;"high_yaw(6); high_pitch(2)";"high_yaw(5); low_focus(1)";0.1841;0.1047;0.6481;0;0;"Få träningsbilder (4 st); Ömsesidig förväxling med Saskia Squirts (avstånd 0.648); Hög andel misslyckade bilder (67%)";"Få träningsbilder (5 st); Ömsesidig förväxling med Audrey Aguilera (avstånd 0.648); Hög andel misslyckade bilder (55%)"
783;Dana Santo;Lexy Bandera;Hög varians i Dana Santo tyder på blandade identiteter. → Granska bilderna i mappen och flytta felplacerade bilder till rätt person. | Dana Santo har 82% misslyckade bilder – byt ut lågkvalitetsbilder mot bättre.;0.342;9;14;82%;22%;"high_yaw(25); no_faces(11); low_focus(5)";high_yaw(4);0.3201;0.2464;0.6672;0;0;"Hög varians – troligen blandade identiteter i mappen; Ömsesidig förväxling med Lexy Bandera (avstånd 0.667); Hög andel misslyckade bilder (82%)";"Medelhög varians – möjligen blandade bilder; Ömsesidig förväxling med Dana Santo (avstånd 0.667)"
784;Anna Mihashi;;75% av bilderna misslyckades. → Byt ut dåliga bilder mot tydligare ansiktsfoton.;0.342;4;;75%;;"high_yaw(8); no_faces(3); low_focus(1)";;0.1674;;0.7365;0;;"Få träningsbilder (4 st); Hög andel misslyckade bilder (75%)";
785;Veronika Keisha;Miss Olivia;Hög varians i Veronika Keisha tyder på blandade identiteter. → Granska bilderna i mappen och flytta felplacerade bilder till rätt person. | Veronika Keisha har 53% misslyckade bilder – byt ut lågkvalitetsbilder mot bättre.;0.342;8;7;53%;30%;"high_pitch(4); high_yaw(3); low_focus(2)";"high_pitch(2); high_yaw(1)";0.2615;0.1733;0.6320;1;0;"Medelhög varians – möjligen blandade bilder; Ömsesidig förväxling med Miss Olivia (avstånd 0.632); Hög andel misslyckade bilder (53%); 1 outlier-embedding(s)";"Få träningsbilder (7 st); Ömsesidig förväxling med Veronika Keisha (avstånd 0.632)"
786;Luna Lesun;Vixi Rafi;Personerna har liknande ansiktsdrag (avstånd 0.636). → Kontrollera att bilderna ligger i rätt mappar. Överväg att lägga till fler distinkta bilder. | Luna Lesun har 73% misslyckade bilder – byt ut lågkvalitetsbilder mot bättre. | Vixi Rafi har 60% misslyckade bilder – byt ut lågkvalitetsbilder mot bättre. | Luna Lesun har bara 3 bilder – samla fler träningsbilder.;0.342;3;8;73%;60%;"high_pitch(6); high_yaw(2)";"high_yaw(10); high_pitch(2)";0.1385;0.1796;0.6363;0;0;"Mycket få träningsbilder (3 st); Ömsesidig förväxling med Vixi Rafi (avstånd 0.636); Hög andel misslyckade bilder (73%)";"Ömsesidig förväxling med Luna Lesun (avstånd 0.636); Hög andel misslyckade bilder (60%)"
787;Riley Grey;Dylan Moore;Personerna har liknande ansiktsdrag (avstånd 0.677). → Kontrollera att bilderna ligger i rätt mappar. Överväg att lägga till fler distinkta bilder. | Riley Grey har 90% misslyckade bilder – byt ut lågkvalitetsbilder mot bättre.;0.342;5;6;90%;33%;"low_focus(18); high_yaw(17); no_faces(9)";"high_yaw(2); high_pitch(1)";0.1706;0.2349;0.6774;0;0;"Få träningsbilder (5 st); Ömsesidig förväxling med Dylan Moore (avstånd 0.677); Hög andel misslyckade bilder (90%)";"Få träningsbilder (6 st); Medelhög varians – möjligen blandade bilder; Ömsesidig förväxling med Riley Grey (avstånd 0.677)"
788;Isabella Both;;Bara 3 träningsbild(er). → Samla fler bilder för att förbättra igenkänningen. | 67% av bilderna misslyckades. → Byt ut dåliga bilder mot tydligare ansiktsfoton.;0.342;3;;67%;;"high_yaw(5); low_focus(1)";;0.1506;;0.6870;0;;"Mycket få träningsbilder (3 st); Hög andel misslyckade bilder (67%)";
789;Jaimie Vine;;Bara 2 träningsbild(er). → Samla fler bilder för att förbättra igenkänningen. | 60% av bilderna misslyckades. → Byt ut dåliga bilder mot tydligare ansiktsfoton.;0.342;2;;60%;;"high_yaw(2); low_focus(1)";;0.1305;;0.6932;0;;"Mycket få träningsbilder (2 st); Hög andel misslyckade bilder (60%)";
790;Ivy Maddox;;Låg men mätbar osäkerhet – ingen akut åtgärd krävs.;0.342;4;;50%;;high_yaw(4);;0.2172;;0.6309;0;;"Få träningsbilder (4 st); Medelhög varians – möjligen blandade bilder";
791;Jezzi Cat;;Låg men mätbar osäkerhet – ingen akut åtgärd krävs.;0.342;4;;33%;;high_yaw(2);;0.2505;;0.6441;0;;"Få träningsbilder (4 st); Medelhög varians – möjligen blandade bilder";
792;Vivica Johnson;;Låg men mätbar osäkerhet – ingen akut åtgärd krävs.;0.342;4;;50%;;ok(4);;0.2172;;0.6569;0;;"Få träningsbilder (4 st); Medelhög varians – möjligen blandade bilder";
793;Flick Shagwell;;71% av bilderna misslyckades. → Byt ut dåliga bilder mot tydligare ansiktsfoton.;0.342;6;;71%;;"high_yaw(6); high_pitch(5); low_focus(3)";;0.1298;;0.6655;1;;"Få träningsbilder (6 st); Hög andel misslyckade bilder (71%); 1 outlier-embedding(s)";
794;Sierra Lust;;Låg men mätbar osäkerhet – ingen akut åtgärd krävs.;0.342;7;;12%;;high_yaw(1);;0.2969;;0.6883;1;;"Få träningsbilder (7 st); Medelhög varians – möjligen blandade bilder; 1 outlier-embedding(s)";
795;Josie Jewells;;85% av bilderna misslyckades. → Byt ut dåliga bilder mot tydligare ansiktsfoton.;0.342;4;;85%;;"no_faces(10); high_yaw(8); high_pitch(2)";;0.1479;;0.6692;0;;"Få träningsbilder (4 st); Hög andel misslyckade bilder (85%)";
796;Kylie Ireland;Elle Devyne;Personerna har liknande ansiktsdrag (avstånd 0.588). → Kontrollera att bilderna ligger i rätt mappar. Överväg att lägga till fler distinkta bilder. | Kylie Ireland har 62% misslyckade bilder – byt ut lågkvalitetsbilder mot bättre. | Kylie Ireland har bara 3 bilder – samla fler träningsbilder.;0.342;3;8;62%;27%;"high_yaw(4); low_focus(1)";high_yaw(3);0.1428;0.2150;0.5877;0;0;"Mycket få träningsbilder (3 st); Ömsesidig förväxling med Elle Devyne (avstånd 0.588); Hög andel misslyckade bilder (62%)";"Medelhög varians – möjligen blandade bilder; Ömsesidig förväxling med Kylie Ireland (avstånd 0.588)"
797;Emma K;;71% av bilderna misslyckades. → Byt ut dåliga bilder mot tydligare ansiktsfoton.;0.342;4;;71%;;"high_yaw(7); high_pitch(2); low_focus(1)";;0.1742;;0.6587;0;;"Få träningsbilder (4 st); Hög andel misslyckade bilder (71%)";
798;Rose Marie;;Bara 3 träningsbild(er). → Samla fler bilder för att förbättra igenkänningen. | 62% av bilderna misslyckades. → Byt ut dåliga bilder mot tydligare ansiktsfoton.;0.342;3;;62%;;ok(5);;0.1587;;0.7279;0;;"Mycket få träningsbilder (3 st); Hög andel misslyckade bilder (62%)";
799;Chihiro Narushima;;Hög varians tyder på att mappen innehåller bilder av flera personer. → Granska och rensa mappen.;0.342;8;;27%;;high_yaw(3);;0.3125;;0.6154;1;;"Hög varians – troligen blandade identiteter i mappen; 1 outlier-embedding(s)";
800;Joceline Brook Hamilton;Taliah Mac;Personerna har liknande ansiktsdrag (avstånd 0.710). → Kontrollera att bilderna ligger i rätt mappar. Överväg att lägga till fler distinkta bilder. | Joceline Brook Hamilton har 67% misslyckade bilder – byt ut lågkvalitetsbilder mot bättre. | Taliah Mac har 64% misslyckade bilder – byt ut lågkvalitetsbilder mot bättre.;0.342;5;4;67%;64%;"high_yaw(9); high_pitch(1)";"high_pitch(4); high_yaw(3)";0.2169;0.1568;0.7102;0;0;"Få träningsbilder (5 st); Medelhög varians – möjligen blandade bilder; Ömsesidig förväxling med Taliah Mac (avstånd 0.710); Hög andel misslyckade bilder (67%)";"Få träningsbilder (4 st); Ömsesidig förväxling med Joceline Brook Hamilton (avstånd 0.710); Hög andel misslyckade bilder (64%)"
